raceId,driverId,session,position,bestLapTime,laps
1145,846,FP1,1,0 days 00:01:17.252000,21
1145,832,FP1,2,0 days 00:01:17.401000,25
1145,844,FP1,3,0 days 00:01:17.461000,21
1145,857,FP1,4,0 days 00:01:17.670000,20
1145,830,FP1,5,0 days 00:01:17.696000,21
1145,848,FP1,6,0 days 00:01:17.713000,18
1145,847,FP1,7,0 days 00:01:17.716000,26
1145,4,FP1,8,0 days 00:01:17.736000,23
1145,872,FP1,9,0 days 00:01:17.847000,25
1145,840,FP1,10,0 days 00:01:18.057000,20
1145,852,FP1,11,0 days 00:01:18.061000,23
1145,1,FP1,12,0 days 00:01:18.071000,20
1145,862,FP1,13,0 days 00:01:18.232000,20
1145,863,FP1,14,0 days 00:01:18.390000,25
1145,866,FP1,15,0 days 00:01:18.438000,22
1145,859,FP1,16,0 days 00:01:18.455000,22
1145,842,FP1,17,0 days 00:01:18.505000,23
1145,807,FP1,18,0 days 00:01:18.586000,18
1145,839,FP1,19,0 days 00:01:19.139000,16
1145,860,FP1,20,0 days 00:01:19.312000,12
1145,844,FP2,1,0 days 00:01:16.439000,32
1145,857,FP2,2,0 days 00:01:16.563000,30
1145,846,FP2,3,0 days 00:01:16.580000,30
1145,852,FP2,4,0 days 00:01:16.784000,29
1145,1,FP2,5,0 days 00:01:16.859000,31
1145,872,FP2,6,0 days 00:01:17.019000,30
1145,830,FP2,7,0 days 00:01:17.063000,22
1145,807,FP2,8,0 days 00:01:17.161000,24
1145,840,FP2,9,0 days 00:01:17.279000,28
1145,847,FP2,10,0 days 00:01:17.282000,30
1145,832,FP2,11,0 days 00:01:17.302000,30
1145,848,FP2,12,0 days 00:01:17.302000,28
1145,4,FP2,13,0 days 00:01:17.330000,27
1145,862,FP2,14,0 days 00:01:17.394000,30
1145,842,FP2,15,0 days 00:01:17.493000,30
1145,863,FP2,16,0 days 00:01:17.634000,31
1145,859,FP2,17,0 days 00:01:17.640000,30
1145,866,FP2,18,0 days 00:01:17.847000,29
1145,839,FP2,19,0 days 00:01:18.034000,31
1145,857,FP3,1,0 days 00:01:15.921000,16
1145,847,FP3,2,0 days 00:01:15.960000,17
1145,830,FP3,3,0 days 00:01:16.002000,18
1145,844,FP3,4,0 days 00:01:16.188000,22
1145,863,FP3,5,0 days 00:01:16.206000,20
1145,832,FP3,6,0 days 00:01:16.252000,23
1145,848,FP3,7,0 days 00:01:16.258000,21
1145,1,FP3,8,0 days 00:01:16.378000,21
1145,852,FP3,9,0 days 00:01:16.455000,17
1145,846,FP3,10,0 days 00:01:16.597000,20
1145,866,FP3,11,0 days 00:01:16.707000,18
1145,842,FP3,12,0 days 00:01:16.719000,22
1145,872,FP3,13,0 days 00:01:16.732000,18
1145,840,FP3,14,0 days 00:01:16.948000,22
1145,862,FP3,15,0 days 00:01:16.993000,18
1145,807,FP3,16,0 days 00:01:17.146000,15
1145,4,FP3,17,0 days 00:01:17.270000,22
1145,839,FP3,18,0 days 00:01:17.373000,18
1145,859,FP3,19,0 days 00:01:46.861000,2
1146,846,FP1,1,0 days 00:01:31.504000,23
1146,844,FP1,2,0 days 00:01:31.958000,21
1146,857,FP1,3,0 days 00:01:32.153000,24
1146,1,FP1,4,0 days 00:01:32.195000,22
1146,847,FP1,5,0 days 00:01:32.377000,26
1146,807,FP1,6,0 days 00:01:32.507000,21
1146,848,FP1,7,0 days 00:01:32.687000,24
1146,4,FP1,8,0 days 00:01:32.766000,23
1146,863,FP1,9,0 days 00:01:32.874000,27
1146,852,FP1,10,0 days 00:01:32.934000,23
1146,860,FP1,11,0 days 00:01:32.967000,23
1146,840,FP1,12,0 days 00:01:32.984000,19
1146,839,FP1,13,0 days 00:01:33.056000,23
1146,842,FP1,14,0 days 00:01:33.123000,23
1146,832,FP1,15,0 days 00:01:33.145000,26
1146,830,FP1,16,0 days 00:01:33.284000,24
1146,872,FP1,17,0 days 00:01:33.385000,23
1146,859,FP1,18,0 days 00:01:33.631000,23
1146,866,FP1,19,0 days 00:01:33.822000,24
1146,862,FP1,20,0 days 00:01:33.923000,17
1147,846,FP1,1,0 days 00:01:28.549000,24
1147,847,FP1,2,0 days 00:01:28.712000,29
1147,844,FP1,3,0 days 00:01:28.965000,27
1147,1,FP1,4,0 days 00:01:29.051000,25
1147,830,FP1,5,0 days 00:01:29.065000,23
1147,852,FP1,6,0 days 00:01:29.172000,25
1147,4,FP1,7,0 days 00:01:29.222000,25
1147,872,FP1,8,0 days 00:01:29.225000,28
1147,863,FP1,9,0 days 00:01:29.284000,28
1147,832,FP1,10,0 days 00:01:29.333000,28
1147,848,FP1,11,0 days 00:01:29.392000,25
1147,859,FP1,12,0 days 00:01:29.536000,28
1147,842,FP1,13,0 days 00:01:29.547000,23
1147,857,FP1,14,0 days 00:01:29.708000,25
1147,840,FP1,15,0 days 00:01:29.758000,25
1147,807,FP1,16,0 days 00:01:30.023000,21
1147,860,FP1,17,0 days 00:01:30.077000,17
1147,839,FP1,18,0 days 00:01:30.123000,21
1147,866,FP1,19,0 days 00:01:30.147000,26
1147,857,FP2,1,0 days 00:01:28.114000,13
1147,846,FP2,2,0 days 00:01:28.163000,12
1147,872,FP2,3,0 days 00:01:28.518000,12
1147,1,FP2,4,0 days 00:01:28.544000,13
1147,859,FP2,5,0 days 00:01:28.559000,13
1147,847,FP2,6,0 days 00:01:28.567000,12
1147,844,FP2,7,0 days 00:01:28.586000,14
1147,830,FP2,8,0 days 00:01:28.670000,9
1147,842,FP2,9,0 days 00:01:28.757000,13
1147,832,FP2,10,0 days 00:01:28.832000,9
1147,848,FP2,11,0 days 00:01:29.023000,10
1147,807,FP2,12,0 days 00:01:29.062000,12
1147,866,FP2,13,0 days 00:01:29.335000,12
1147,839,FP2,14,0 days 00:01:29.507000,13
1147,860,FP2,15,0 days 00:01:29.654000,9
1147,863,FP2,16,0 days 00:01:29.733000,12
1147,4,FP2,17,0 days 00:01:29.978000,5
1147,852,FP2,18,0 days 00:01:30.625000,12
1147,840,FP2,19,0 days 00:01:30.845000,12
1147,862,FP2,20,0 days 00:01:31.659000,3
1147,846,FP3,1,0 days 00:01:27.965000,17
1147,857,FP3,2,0 days 00:01:27.991000,17
1147,847,FP3,3,0 days 00:01:28.077000,14
1147,844,FP3,4,0 days 00:01:28.414000,12
1147,830,FP3,5,0 days 00:01:28.497000,20
1147,1,FP3,6,0 days 00:01:28.524000,13
1147,848,FP3,7,0 days 00:01:28.554000,19
1147,842,FP3,8,0 days 00:01:28.603000,15
1147,852,FP3,9,0 days 00:01:28.785000,15
1147,872,FP3,10,0 days 00:01:28.786000,16
1147,832,FP3,11,0 days 00:01:28.846000,22
1147,859,FP3,12,0 days 00:01:29.104000,19
1147,863,FP3,13,0 days 00:01:29.126000,20
1147,862,FP3,14,0 days 00:01:29.767000,15
1147,4,FP3,15,0 days 00:01:29.772000,17
1147,860,FP3,16,0 days 00:01:30.084000,17
1147,866,FP3,17,0 days 00:01:30.134000,13
1147,839,FP3,18,0 days 00:01:30.183000,17
1147,840,FP3,19,0 days 00:01:30.267000,16
1147,807,FP3,20,0 days 00:01:30.621000,16
1148,846,FP1,1,0 days 00:01:33.204000,23
1148,842,FP1,2,0 days 00:01:33.442000,23
1148,1,FP1,3,0 days 00:01:33.800000,23
1148,848,FP1,4,0 days 00:01:33.928000,24
1148,839,FP1,5,0 days 00:01:34.184000,19
1148,807,FP1,6,0 days 00:01:34.262000,24
1148,862,FP1,7,0 days 00:01:34.396000,23
1148,859,FP1,8,0 days 00:01:34.397000,23
1148,852,FP1,9,0 days 00:01:34.484000,23
1148,857,FP1,10,0 days 00:01:34.508000,25
1148,866,FP1,11,0 days 00:01:34.628000,23
1148,872,FP1,12,0 days 00:01:34.667000,22
1148,840,FP1,13,0 days 00:01:35.116000,23
1148,863,FP1,14,0 days 00:01:38.051000,3
1148,857,FP2,1,0 days 00:01:30.505000,29
1148,846,FP2,2,0 days 00:01:30.659000,28
1148,847,FP2,3,0 days 00:01:31.032000,25
1148,844,FP2,4,0 days 00:01:31.045000,27
1148,863,FP2,5,0 days 00:01:31.227000,27
1148,872,FP2,6,0 days 00:01:31.238000,24
1148,830,FP2,7,0 days 00:01:31.330000,27
1148,1,FP2,8,0 days 00:01:31.576000,23
1148,860,FP2,9,0 days 00:01:31.584000,27
1148,832,FP2,10,0 days 00:01:31.623000,28
1148,848,FP2,11,0 days 00:01:31.696000,29
1148,859,FP2,12,0 days 00:01:31.706000,27
1148,866,FP2,13,0 days 00:01:31.772000,25
1148,862,FP2,14,0 days 00:01:31.788000,27
1148,4,FP2,15,0 days 00:01:31.825000,19
1148,839,FP2,16,0 days 00:01:31.870000,27
1148,842,FP2,17,0 days 00:01:31.947000,27
1148,852,FP2,18,0 days 00:01:32.024000,25
1148,840,FP2,19,0 days 00:01:32.382000,27
1148,807,FP2,20,0 days 00:01:32.496000,24
1148,857,FP3,1,0 days 00:01:31.646000,13
1148,846,FP3,2,0 days 00:01:32.314000,18
1148,844,FP3,3,0 days 00:01:32.480000,19
1148,847,FP3,4,0 days 00:01:32.827000,13
1148,863,FP3,5,0 days 00:01:32.916000,12
1148,842,FP3,6,0 days 00:01:32.974000,18
1148,872,FP3,7,0 days 00:01:33.023000,15
1148,830,FP3,8,0 days 00:01:33.027000,13
1148,832,FP3,9,0 days 00:01:33.092000,15
1148,1,FP3,10,0 days 00:01:33.111000,18
1148,839,FP3,11,0 days 00:01:33.240000,17
1148,862,FP3,12,0 days 00:01:33.347000,18
1148,859,FP3,13,0 days 00:01:33.370000,14
1148,4,FP3,14,0 days 00:01:33.548000,18
1148,848,FP3,15,0 days 00:01:33.753000,16
1148,860,FP3,16,0 days 00:01:34.335000,18
1148,840,FP3,17,0 days 00:01:34.363000,16
1148,866,FP3,18,0 days 00:01:34.518000,16
1148,807,FP3,19,0 days 00:01:34.636000,6
1148,852,FP3,20,0 days 00:01:34.965000,15
1149,842,FP1,1,0 days 00:01:29.239000,25
1149,846,FP1,2,0 days 00:01:29.246000,25
1149,844,FP1,3,0 days 00:01:29.309000,28
1149,857,FP1,4,0 days 00:01:29.341000,25
1149,848,FP1,5,0 days 00:01:29.606000,23
1149,847,FP1,6,0 days 00:01:29.618000,21
1149,832,FP1,7,0 days 00:01:29.779000,26
1149,1,FP1,8,0 days 00:01:29.815000,27
1149,830,FP1,9,0 days 00:01:29.818000,26
1149,852,FP1,10,0 days 00:01:29.821000,26
1149,859,FP1,11,0 days 00:01:29.907000,19
1149,807,FP1,12,0 days 00:01:29.916000,25
1149,863,FP1,13,0 days 00:01:29.934000,24
1149,4,FP1,14,0 days 00:01:29.976000,24
1149,872,FP1,15,0 days 00:01:30.011000,15
1149,862,FP1,16,0 days 00:01:30.183000,25
1149,840,FP1,17,0 days 00:01:30.583000,23
1149,860,FP1,18,0 days 00:01:30.595000,21
1149,839,FP1,19,0 days 00:01:31.029000,21
1149,866,FP1,20,0 days 00:01:31.038000,23
1149,846,FP2,1,0 days 00:01:28.267000,21
1149,857,FP2,2,0 days 00:01:28.430000,22
1149,830,FP2,3,0 days 00:01:28.547000,23
1149,844,FP2,4,0 days 00:01:28.749000,22
1149,832,FP2,5,0 days 00:01:28.942000,24
1149,852,FP2,6,0 days 00:01:28.963000,19
1149,847,FP2,7,0 days 00:01:28.973000,21
1149,842,FP2,8,0 days 00:01:29.106000,22
1149,807,FP2,9,0 days 00:01:29.193000,21
1149,848,FP2,10,0 days 00:01:29.220000,23
1149,863,FP2,11,0 days 00:01:29.242000,16
1149,872,FP2,12,0 days 00:01:29.306000,17
1149,1,FP2,13,0 days 00:01:29.371000,23
1149,859,FP2,14,0 days 00:01:29.488000,22
1149,4,FP2,15,0 days 00:01:29.662000,18
1149,860,FP2,16,0 days 00:01:29.754000,19
1149,862,FP2,17,0 days 00:01:29.912000,21
1149,840,FP2,18,0 days 00:01:30.007000,18
1149,839,FP2,19,0 days 00:01:30.019000,22
1149,846,FP3,1,0 days 00:01:27.489000,18
1149,857,FP3,2,0 days 00:01:27.513000,19
1149,847,FP3,3,0 days 00:01:28.116000,17
1149,830,FP3,4,0 days 00:01:28.334000,14
1149,844,FP3,5,0 days 00:01:28.372000,21
1149,848,FP3,6,0 days 00:01:28.389000,16
1149,832,FP3,7,0 days 00:01:28.570000,15
1149,842,FP3,8,0 days 00:01:28.625000,16
1149,852,FP3,9,0 days 00:01:28.670000,14
1149,863,FP3,10,0 days 00:01:28.679000,18
1149,872,FP3,11,0 days 00:01:28.769000,17
1149,1,FP3,12,0 days 00:01:28.780000,20
1149,859,FP3,13,0 days 00:01:28.861000,18
1149,4,FP3,14,0 days 00:01:28.888000,19
1149,862,FP3,15,0 days 00:01:28.898000,21
1149,860,FP3,16,0 days 00:01:28.989000,15
1149,807,FP3,17,0 days 00:01:29.220000,16
1149,839,FP3,18,0 days 00:01:29.336000,20
1149,866,FP3,19,0 days 00:01:29.410000,24
1149,840,FP3,20,0 days 00:01:29.478000,19
1150,857,FP1,1,0 days 00:01:27.128000,22
1150,844,FP1,2,0 days 00:01:27.484000,22
1150,830,FP1,3,0 days 00:01:27.558000,20
1150,832,FP1,4,0 days 00:01:27.678000,23
1150,848,FP1,5,0 days 00:01:27.955000,24
1150,872,FP1,6,0 days 00:01:27.968000,23
1150,847,FP1,7,0 days 00:01:28.058000,26
1150,852,FP1,8,0 days 00:01:28.155000,20
1150,863,FP1,9,0 days 00:01:28.227000,28
1150,4,FP1,10,0 days 00:01:28.243000,23
1150,859,FP1,11,0 days 00:01:28.374000,21
1150,846,FP1,12,0 days 00:01:28.391000,21
1150,1,FP1,13,0 days 00:01:28.556000,20
1150,807,FP1,14,0 days 00:01:28.573000,13
1150,866,FP1,15,0 days 00:01:28.771000,18
1150,860,FP1,16,0 days 00:01:28.996000,22
1150,842,FP1,17,0 days 00:01:29.084000,21
1150,839,FP1,18,0 days 00:01:29.179000,19
1150,862,FP1,19,0 days 00:01:29.357000,22
1150,840,FP1,20,0 days 00:01:29.362000,21
1151,857,FP1,1,0 days 00:01:16.545000,23
1151,846,FP1,2,0 days 00:01:16.577000,23
1151,832,FP1,3,0 days 00:01:16.597000,19
1151,847,FP1,4,0 days 00:01:16.599000,26
1151,1,FP1,5,0 days 00:01:16.641000,22
1151,842,FP1,6,0 days 00:01:16.696000,21
1151,830,FP1,7,0 days 00:01:16.905000,15
1151,848,FP1,8,0 days 00:01:16.922000,21
1151,866,FP1,9,0 days 00:01:16.925000,22
1151,807,FP1,10,0 days 00:01:16.998000,23
1151,840,FP1,11,0 days 00:01:17.032000,22
1151,844,FP1,12,0 days 00:01:17.077000,23
1151,863,FP1,13,0 days 00:01:17.094000,22
1151,4,FP1,14,0 days 00:01:17.121000,21
1151,859,FP1,15,0 days 00:01:17.286000,22
1151,852,FP1,16,0 days 00:01:17.356000,17
1151,861,FP1,17,0 days 00:01:17.373000,21
1151,860,FP1,18,0 days 00:01:17.446000,20
1151,872,FP1,19,0 days 00:01:17.641000,19
1151,839,FP1,20,0 days 00:01:17.662000,19
1151,857,FP2,1,0 days 00:01:15.293000,28
1151,846,FP2,2,0 days 00:01:15.318000,25
1151,842,FP2,3,0 days 00:01:15.569000,29
1151,847,FP2,4,0 days 00:01:15.693000,23
1151,830,FP2,5,0 days 00:01:15.735000,26
1151,844,FP2,6,0 days 00:01:15.768000,28
1151,872,FP2,7,0 days 00:01:15.792000,22
1151,852,FP2,8,0 days 00:01:15.827000,29
1151,848,FP2,9,0 days 00:01:15.916000,29
1151,832,FP2,10,0 days 00:01:15.934000,29
1151,1,FP2,11,0 days 00:01:15.943000,26
1151,860,FP2,12,0 days 00:01:16.009000,26
1151,861,FP2,13,0 days 00:01:16.044000,29
1151,4,FP2,14,0 days 00:01:16.220000,21
1151,859,FP2,15,0 days 00:01:16.255000,22
1151,866,FP2,16,0 days 00:01:16.339000,27
1151,840,FP2,17,0 days 00:01:16.341000,23
1151,863,FP2,18,0 days 00:01:16.406000,27
1151,807,FP2,19,0 days 00:01:16.419000,26
1151,839,FP2,20,0 days 00:01:16.420000,24
1151,846,FP3,1,0 days 00:01:14.897000,19
1151,857,FP3,2,0 days 00:01:14.997000,19
1151,830,FP3,3,0 days 00:01:15.078000,17
1151,863,FP3,4,0 days 00:01:15.399000,15
1151,844,FP3,5,0 days 00:01:15.451000,26
1151,832,FP3,6,0 days 00:01:15.457000,21
1151,872,FP3,7,0 days 00:01:15.508000,20
1151,847,FP3,8,0 days 00:01:15.662000,14
1151,848,FP3,9,0 days 00:01:15.732000,20
1151,1,FP3,10,0 days 00:01:15.787000,25
1151,4,FP3,11,0 days 00:01:15.819000,18
1151,860,FP3,12,0 days 00:01:15.944000,14
1151,840,FP3,13,0 days 00:01:15.975000,22
1151,859,FP3,14,0 days 00:01:15.977000,21
1151,842,FP3,15,0 days 00:01:15.990000,14
1151,866,FP3,16,0 days 00:01:16.046000,17
1151,852,FP3,17,0 days 00:01:16.110000,14
1151,861,FP3,18,0 days 00:01:16.210000,14
1151,807,FP3,19,0 days 00:01:16.238000,16
1151,839,FP3,20,0 days 00:01:16.387000,15
1152,844,FP1,1,0 days 00:01:11.964000,33
1152,830,FP1,2,0 days 00:01:12.127000,30
1152,846,FP1,3,0 days 00:01:12.290000,32
1152,848,FP1,4,0 days 00:01:12.314000,33
1152,857,FP1,5,0 days 00:01:12.342000,28
1152,847,FP1,6,0 days 00:01:12.482000,33
1152,832,FP1,7,0 days 00:01:12.534000,36
1152,842,FP1,8,0 days 00:01:12.669000,29
1152,1,FP1,9,0 days 00:01:12.690000,30
1152,4,FP1,10,0 days 00:01:12.727000,28
1152,863,FP1,11,0 days 00:01:12.765000,34
1152,807,FP1,12,0 days 00:01:12.979000,30
1152,872,FP1,13,0 days 00:01:13.187000,35
1152,852,FP1,14,0 days 00:01:13.232000,32
1152,860,FP1,15,0 days 00:01:13.329000,34
1152,839,FP1,16,0 days 00:01:13.394000,31
1152,859,FP1,17,0 days 00:01:13.429000,37
1152,866,FP1,18,0 days 00:01:13.470000,29
1152,861,FP1,19,0 days 00:01:13.820000,32
1152,840,FP1,20,0 days 00:01:15.635000,4
1152,844,FP2,1,0 days 00:01:11.355000,32
1152,857,FP2,2,0 days 00:01:11.393000,28
1152,1,FP2,3,0 days 00:01:11.460000,30
1152,846,FP2,4,0 days 00:01:11.677000,32
1152,859,FP2,5,0 days 00:01:11.823000,32
1152,872,FP2,6,0 days 00:01:11.842000,17
1152,4,FP2,7,0 days 00:01:11.890000,30
1152,848,FP2,8,0 days 00:01:11.918000,34
1152,863,FP2,9,0 days 00:01:12.002000,32
1152,830,FP2,10,0 days 00:01:12.068000,29
1152,852,FP2,11,0 days 00:01:12.072000,30
1152,847,FP2,12,0 days 00:01:12.092000,32
1152,832,FP2,13,0 days 00:01:12.151000,32
1152,866,FP2,14,0 days 00:01:12.234000,29
1152,860,FP2,15,0 days 00:01:12.259000,33
1152,807,FP2,16,0 days 00:01:12.262000,32
1152,842,FP2,17,0 days 00:01:12.404000,34
1152,840,FP2,18,0 days 00:01:12.512000,30
1152,839,FP2,19,0 days 00:01:12.541000,33
1152,861,FP2,20,0 days 00:01:13.415000,31
1152,844,FP3,1,0 days 00:01:10.953000,25
1152,830,FP3,2,0 days 00:01:11.233000,22
1152,846,FP3,3,0 days 00:01:11.247000,23
1152,857,FP3,4,0 days 00:01:11.398000,21
1152,1,FP3,5,0 days 00:01:11.516000,25
1152,848,FP3,6,0 days 00:01:11.668000,24
1152,859,FP3,7,0 days 00:01:11.814000,32
1152,832,FP3,8,0 days 00:01:11.893000,23
1152,852,FP3,9,0 days 00:01:11.952000,21
1152,863,FP3,10,0 days 00:01:12.013000,23
1152,847,FP3,11,0 days 00:01:12.066000,22
1152,4,FP3,12,0 days 00:01:12.101000,21
1152,807,FP3,13,0 days 00:01:12.125000,25
1152,842,FP3,14,0 days 00:01:12.194000,20
1152,840,FP3,15,0 days 00:01:12.202000,24
1152,860,FP3,16,0 days 00:01:12.251000,19
1152,872,FP3,17,0 days 00:01:12.271000,30
1152,839,FP3,18,0 days 00:01:12.499000,25
1152,866,FP3,19,0 days 00:01:12.601000,28
1152,861,FP3,20,0 days 00:01:12.851000,32
1153,846,FP1,1,0 days 00:01:13.718000,29
1153,830,FP1,2,0 days 00:01:14.085000,18
1153,1,FP1,3,0 days 00:01:14.096000,29
1153,844,FP1,4,0 days 00:01:14.238000,31
1153,857,FP1,5,0 days 00:01:14.294000,28
1153,859,FP1,6,0 days 00:01:14.339000,28
1153,860,FP1,7,0 days 00:01:14.597000,26
1153,872,FP1,8,0 days 00:01:14.605000,26
1153,852,FP1,9,0 days 00:01:14.643000,27
1153,842,FP1,10,0 days 00:01:14.746000,28
1153,847,FP1,11,0 days 00:01:14.751000,32
1153,840,FP1,12,0 days 00:01:14.786000,24
1153,4,FP1,13,0 days 00:01:14.798000,20
1153,807,FP1,14,0 days 00:01:14.865000,21
1153,832,FP1,15,0 days 00:01:14.935000,26
1153,866,FP1,16,0 days 00:01:15.155000,23
1153,863,FP1,17,0 days 00:01:15.369000,31
1153,861,FP1,18,0 days 00:01:15.530000,19
1153,857,FP2,1,0 days 00:01:12.760000,28
1153,847,FP2,2,0 days 00:01:13.046000,32
1153,830,FP2,3,0 days 00:01:13.070000,30
1153,846,FP2,4,0 days 00:01:13.070000,31
1153,844,FP2,5,0 days 00:01:13.260000,32
1153,863,FP2,6,0 days 00:01:13.298000,31
1153,4,FP2,7,0 days 00:01:13.301000,28
1153,842,FP2,8,0 days 00:01:13.385000,30
1153,872,FP2,9,0 days 00:01:13.400000,29
1153,859,FP2,10,0 days 00:01:13.494000,29
1153,1,FP2,11,0 days 00:01:13.533000,29
1153,807,FP2,12,0 days 00:01:13.592000,30
1153,852,FP2,13,0 days 00:01:13.683000,31
1153,832,FP2,14,0 days 00:01:13.721000,34
1153,840,FP2,15,0 days 00:01:13.839000,17
1153,848,FP2,16,0 days 00:01:13.839000,32
1153,866,FP2,17,0 days 00:01:13.959000,27
1153,839,FP2,18,0 days 00:01:14.005000,30
1153,860,FP2,19,0 days 00:01:14.126000,20
1153,861,FP2,20,0 days 00:01:14.303000,31
1153,857,FP3,1,0 days 00:01:12.387000,15
1153,846,FP3,2,0 days 00:01:12.913000,17
1153,844,FP3,3,0 days 00:01:13.130000,18
1153,847,FP3,4,0 days 00:01:13.139000,19
1153,830,FP3,5,0 days 00:01:13.375000,15
1153,872,FP3,6,0 days 00:01:13.382000,18
1153,863,FP3,7,0 days 00:01:13.405000,12
1153,4,FP3,8,0 days 00:01:13.414000,16
1153,1,FP3,9,0 days 00:01:13.527000,18
1153,859,FP3,10,0 days 00:01:13.637000,19
1153,866,FP3,11,0 days 00:01:13.722000,14
1153,807,FP3,12,0 days 00:01:13.733000,17
1153,832,FP3,13,0 days 00:01:13.758000,16
1153,852,FP3,14,0 days 00:01:13.892000,12
1153,840,FP3,15,0 days 00:01:13.904000,19
1153,842,FP3,16,0 days 00:01:13.954000,19
1153,861,FP3,17,0 days 00:01:14.085000,18
1153,839,FP3,18,0 days 00:01:14.138000,12
1153,848,FP3,19,0 days 00:01:14.289000,6
1153,860,FP3,20,0 days 00:01:14.460000,12
1154,830,FP1,1,0 days 00:01:13.193000,28
1154,848,FP1,2,0 days 00:01:13.232000,28
1154,832,FP1,3,0 days 00:01:13.275000,31
1154,847,FP1,4,0 days 00:01:13.535000,29
1154,1,FP1,5,0 days 00:01:13.620000,30
1154,872,FP1,6,0 days 00:01:13.631000,31
1154,846,FP1,7,0 days 00:01:13.651000,30
1154,859,FP1,8,0 days 00:01:13.737000,30
1154,842,FP1,9,0 days 00:01:13.817000,29
1154,844,FP1,10,0 days 00:01:13.885000,9
1154,852,FP1,11,0 days 00:01:13.927000,27
1154,4,FP1,12,0 days 00:01:13.972000,25
1154,863,FP1,13,0 days 00:01:14.002000,30
1154,857,FP1,14,0 days 00:01:14.198000,28
1154,840,FP1,15,0 days 00:01:14.203000,25
1154,866,FP1,16,0 days 00:01:14.324000,30
1154,860,FP1,17,0 days 00:01:14.520000,30
1154,839,FP1,18,0 days 00:01:14.605000,23
1154,861,FP1,19,0 days 00:01:14.645000,29
1154,807,FP1,20,0 days 00:01:14.821000,28
1154,847,FP2,1,0 days 00:01:12.123000,33
1154,846,FP2,2,0 days 00:01:12.151000,32
1154,863,FP2,3,0 days 00:01:12.411000,33
1154,848,FP2,4,0 days 00:01:12.445000,36
1154,4,FP2,5,0 days 00:01:12.458000,31
1154,857,FP2,6,0 days 00:01:12.562000,32
1154,832,FP2,7,0 days 00:01:12.631000,37
1154,1,FP2,8,0 days 00:01:12.653000,34
1154,830,FP2,9,0 days 00:01:12.666000,31
1154,859,FP2,10,0 days 00:01:12.751000,30
1154,872,FP2,11,0 days 00:01:12.799000,31
1154,842,FP2,12,0 days 00:01:12.874000,34
1154,866,FP2,13,0 days 00:01:12.896000,32
1154,807,FP2,14,0 days 00:01:12.914000,33
1154,852,FP2,15,0 days 00:01:12.939000,35
1154,860,FP2,16,0 days 00:01:13.080000,36
1154,839,FP2,17,0 days 00:01:13.175000,33
1154,861,FP2,18,0 days 00:01:13.898000,33
1154,840,FP2,19,0 days 00:01:49.253000,2
1154,846,FP3,1,0 days 00:01:11.799000,24
1154,844,FP3,2,0 days 00:01:11.877000,29
1154,847,FP3,3,0 days 00:01:11.950000,20
1154,1,FP3,4,0 days 00:01:12.050000,26
1154,830,FP3,5,0 days 00:01:12.072000,20
1154,4,FP3,6,0 days 00:01:12.247000,21
1154,863,FP3,7,0 days 00:01:12.348000,21
1154,832,FP3,8,0 days 00:01:12.519000,22
1154,857,FP3,9,0 days 00:01:12.519000,18
1154,848,FP3,10,0 days 00:01:12.573000,22
1154,872,FP3,11,0 days 00:01:12.651000,22
1154,842,FP3,12,0 days 00:01:12.684000,27
1154,859,FP3,13,0 days 00:01:12.791000,27
1154,840,FP3,14,0 days 00:01:12.794000,28
1154,860,FP3,15,0 days 00:01:12.825000,27
1154,839,FP3,16,0 days 00:01:12.827000,22
1154,861,FP3,17,0 days 00:01:13.060000,27
1154,807,FP3,18,0 days 00:01:13.072000,19
1154,866,FP3,19,0 days 00:01:13.172000,22
1154,852,FP3,20,0 days 00:01:13.573000,14
1155,847,FP1,1,0 days 00:01:05.542000,34
1155,830,FP1,2,0 days 00:01:05.607000,30
1155,857,FP1,3,0 days 00:01:05.697000,33
1155,842,FP1,4,0 days 00:01:05.780000,34
1155,866,FP1,5,0 days 00:01:05.874000,35
1155,848,FP1,6,0 days 00:01:05.946000,35
1155,832,FP1,7,0 days 00:01:06.017000,33
1155,1,FP1,8,0 days 00:01:06.099000,20
1155,872,FP1,9,0 days 00:01:06.110000,33
1155,863,FP1,10,0 days 00:01:06.130000,35
1155,807,FP1,11,0 days 00:01:06.140000,32
1155,840,FP1,12,0 days 00:01:06.160000,32
1155,4,FP1,13,0 days 00:01:06.170000,32
1155,859,FP1,14,0 days 00:01:06.189000,34
1155,861,FP1,15,0 days 00:01:06.246000,34
1155,852,FP1,16,0 days 00:01:06.262000,30
1155,839,FP1,17,0 days 00:01:06.510000,32
1155,860,FP1,18,0 days 00:01:06.738000,30
1155,846,FP2,1,0 days 00:01:04.580000,35
1155,857,FP2,2,0 days 00:01:04.737000,35
1155,830,FP2,3,0 days 00:01:04.898000,24
1155,840,FP2,4,0 days 00:01:05.022000,32
1155,844,FP2,5,0 days 00:01:05.190000,32
1155,847,FP2,6,0 days 00:01:05.229000,34
1155,852,FP2,7,0 days 00:01:05.292000,31
1155,866,FP2,8,0 days 00:01:05.411000,31
1155,4,FP2,9,0 days 00:01:05.457000,31
1155,1,FP2,10,0 days 00:01:05.511000,34
1155,863,FP2,11,0 days 00:01:05.537000,35
1155,859,FP2,12,0 days 00:01:05.543000,31
1155,872,FP2,13,0 days 00:01:05.547000,34
1155,842,FP2,14,0 days 00:01:05.613000,36
1155,839,FP2,15,0 days 00:01:05.698000,31
1155,848,FP2,16,0 days 00:01:05.765000,37
1155,832,FP2,17,0 days 00:01:05.814000,37
1155,860,FP2,18,0 days 00:01:05.835000,35
1155,807,FP2,19,0 days 00:01:05.918000,35
1155,861,FP2,20,0 days 00:01:06.176000,34
1155,846,FP3,1,0 days 00:01:04.324000,21
1155,857,FP3,2,0 days 00:01:04.442000,20
1155,830,FP3,3,0 days 00:01:04.534000,28
1155,844,FP3,4,0 days 00:01:04.574000,20
1155,1,FP3,5,0 days 00:01:04.790000,23
1155,847,FP3,6,0 days 00:01:05.018000,18
1155,863,FP3,7,0 days 00:01:05.053000,18
1155,840,FP3,8,0 days 00:01:05.062000,20
1155,852,FP3,9,0 days 00:01:05.139000,17
1155,866,FP3,10,0 days 00:01:05.182000,18
1155,859,FP3,11,0 days 00:01:05.182000,19
1155,4,FP3,12,0 days 00:01:05.243000,21
1155,807,FP3,13,0 days 00:01:05.283000,18
1155,848,FP3,14,0 days 00:01:05.314000,22
1155,832,FP3,15,0 days 00:01:05.326000,21
1155,842,FP3,16,0 days 00:01:05.366000,26
1155,860,FP3,17,0 days 00:01:05.366000,21
1155,839,FP3,18,0 days 00:01:05.519000,21
1155,861,FP3,19,0 days 00:01:05.546000,26
1155,872,FP3,20,0 days 00:01:06.023000,18
1156,1,FP1,1,0 days 00:01:26.892000,26
1156,846,FP1,2,0 days 00:01:26.915000,26
1156,857,FP1,3,0 days 00:01:27.042000,28
1156,844,FP1,4,0 days 00:01:27.095000,26
1156,847,FP1,5,0 days 00:01:27.163000,25
1156,872,FP1,6,0 days 00:01:27.217000,28
1156,848,FP1,7,0 days 00:01:27.304000,30
1156,859,FP1,8,0 days 00:01:27.351000,27
1156,863,FP1,9,0 days 00:01:27.367000,25
1156,830,FP1,10,0 days 00:01:27.432000,26
1156,4,FP1,11,0 days 00:01:27.678000,24
1156,840,FP1,12,0 days 00:01:27.844000,22
1156,832,FP1,13,0 days 00:01:27.909000,26
1156,876,FP1,14,0 days 00:01:27.958000,22
1156,839,FP1,15,0 days 00:01:28.057000,23
1156,861,FP1,16,0 days 00:01:28.086000,27
1156,860,FP1,17,0 days 00:01:28.147000,24
1156,842,FP1,18,0 days 00:01:28.332000,23
1156,866,FP1,19,0 days 00:01:28.397000,23
1156,846,FP2,1,0 days 00:01:25.816000,26
1156,844,FP2,2,0 days 00:01:26.038000,29
1156,1,FP2,3,0 days 00:01:26.117000,29
1156,857,FP2,4,0 days 00:01:26.286000,27
1156,830,FP2,5,0 days 00:01:26.314000,23
1156,863,FP2,6,0 days 00:01:26.383000,28
1156,840,FP2,7,0 days 00:01:26.430000,24
1156,847,FP2,8,0 days 00:01:26.523000,27
1156,872,FP2,9,0 days 00:01:26.524000,27
1156,859,FP2,10,0 days 00:01:26.624000,28
1156,848,FP2,11,0 days 00:01:26.840000,30
1156,4,FP2,12,0 days 00:01:26.876000,24
1156,866,FP2,13,0 days 00:01:26.904000,27
1156,839,FP2,14,0 days 00:01:26.941000,26
1156,852,FP2,15,0 days 00:01:26.980000,25
1156,832,FP2,16,0 days 00:01:27.159000,27
1156,807,FP2,17,0 days 00:01:27.165000,29
1156,842,FP2,18,0 days 00:01:27.174000,24
1156,860,FP2,19,0 days 00:01:27.226000,27
1156,861,FP2,20,0 days 00:01:27.289000,29
1156,844,FP3,1,0 days 00:01:25.498000,14
1156,857,FP3,2,0 days 00:01:25.566000,14
1156,830,FP3,3,0 days 00:01:25.585000,13
1156,846,FP3,4,0 days 00:01:25.606000,16
1156,852,FP3,5,0 days 00:01:26.104000,13
1156,860,FP3,6,0 days 00:01:26.112000,12
1156,848,FP3,7,0 days 00:01:26.119000,15
1156,847,FP3,8,0 days 00:01:26.125000,13
1156,872,FP3,9,0 days 00:01:26.129000,14
1156,859,FP3,10,0 days 00:01:26.256000,14
1156,1,FP3,11,0 days 00:01:26.332000,17
1156,832,FP3,12,0 days 00:01:26.332000,16
1156,839,FP3,13,0 days 00:01:26.377000,12
1156,863,FP3,14,0 days 00:01:26.422000,11
1156,807,FP3,15,0 days 00:01:26.499000,18
1156,866,FP3,16,0 days 00:01:26.501000,14
1156,4,FP3,17,0 days 00:01:26.894000,16
1156,861,FP3,18,0 days 00:01:27.597000,14
1156,840,FP3,19,0 days 00:01:27.600000,14
1156,842,FP3,20,0 days 00:01:27.878000,16
1157,857,FP1,1,0 days 00:01:42.022000,23
1157,830,FP1,2,0 days 00:01:42.426000,23
1157,846,FP1,3,0 days 00:01:42.526000,22
1157,847,FP1,4,0 days 00:01:42.598000,27
1157,844,FP1,5,0 days 00:01:42.928000,22
1157,863,FP1,6,0 days 00:01:42.979000,23
1157,1,FP1,7,0 days 00:01:43.085000,24
1157,840,FP1,8,0 days 00:01:43.112000,17
1157,4,FP1,9,0 days 00:01:43.120000,22
1157,872,FP1,10,0 days 00:01:43.122000,19
1157,832,FP1,11,0 days 00:01:43.217000,16
1157,848,FP1,12,0 days 00:01:43.261000,24
1157,866,FP1,13,0 days 00:01:43.262000,25
1157,807,FP1,14,0 days 00:01:43.470000,20
1157,859,FP1,15,0 days 00:01:43.478000,21
1157,839,FP1,16,0 days 00:01:43.570000,22
1157,842,FP1,17,0 days 00:01:43.929000,21
1157,852,FP1,18,0 days 00:01:44.492000,23
1157,861,FP1,19,0 days 00:01:44.847000,21
1157,860,FP1,20,0 days 00:01:45.077000,22
1158,846,FP1,1,0 days 00:01:16.052000,26
1158,857,FP1,2,0 days 00:01:16.071000,30
1158,844,FP1,3,0 days 00:01:16.269000,28
1158,872,FP1,4,0 days 00:01:16.681000,31
1158,1,FP1,5,0 days 00:01:16.734000,28
1158,860,FP1,6,0 days 00:01:16.878000,26
1158,863,FP1,7,0 days 00:01:16.880000,26
1158,847,FP1,8,0 days 00:01:16.925000,26
1158,830,FP1,9,0 days 00:01:16.940000,25
1158,840,FP1,10,0 days 00:01:16.958000,25
1158,848,FP1,11,0 days 00:01:16.984000,28
1158,839,FP1,12,0 days 00:01:17.004000,26
1158,842,FP1,13,0 days 00:01:17.123000,27
1158,859,FP1,14,0 days 00:01:17.184000,29
1158,832,FP1,15,0 days 00:01:17.195000,31
1158,852,FP1,16,0 days 00:01:17.393000,27
1158,861,FP1,17,0 days 00:01:17.464000,29
1158,866,FP1,18,0 days 00:01:17.652000,17
1158,846,FP2,1,0 days 00:01:15.624000,27
1158,857,FP2,2,0 days 00:01:15.915000,30
1158,844,FP2,3,0 days 00:01:16.023000,28
1158,840,FP2,4,0 days 00:01:16.119000,28
1158,4,FP2,5,0 days 00:01:16.233000,25
1158,1,FP2,6,0 days 00:01:16.329000,28
1158,847,FP2,7,0 days 00:01:16.417000,27
1158,872,FP2,8,0 days 00:01:16.427000,30
1158,852,FP2,9,0 days 00:01:16.485000,30
1158,863,FP2,10,0 days 00:01:16.520000,26
1158,860,FP2,11,0 days 00:01:16.567000,27
1158,807,FP2,12,0 days 00:01:16.680000,31
1158,839,FP2,13,0 days 00:01:16.704000,29
1158,830,FP2,14,0 days 00:01:16.791000,25
1158,859,FP2,15,0 days 00:01:16.812000,29
1158,832,FP2,16,0 days 00:01:16.874000,32
1158,866,FP2,17,0 days 00:01:16.946000,29
1158,848,FP2,18,0 days 00:01:17.021000,30
1158,842,FP2,19,0 days 00:01:17.043000,25
1158,861,FP2,20,0 days 00:01:17.159000,29
1158,857,FP3,1,0 days 00:01:14.916000,17
1158,846,FP3,2,0 days 00:01:14.948000,20
1158,844,FP3,3,0 days 00:01:15.315000,17
1158,1,FP3,4,0 days 00:01:15.684000,18
1158,863,FP3,5,0 days 00:01:15.745000,18
1158,4,FP3,6,0 days 00:01:15.794000,18
1158,840,FP3,7,0 days 00:01:15.828000,21
1158,847,FP3,8,0 days 00:01:15.840000,17
1158,866,FP3,9,0 days 00:01:15.978000,19
1158,807,FP3,10,0 days 00:01:16.025000,21
1158,860,FP3,11,0 days 00:01:16.127000,17
1158,830,FP3,12,0 days 00:01:16.162000,19
1158,861,FP3,13,0 days 00:01:16.247000,21
1158,859,FP3,14,0 days 00:01:16.371000,21
1158,832,FP3,15,0 days 00:01:16.442000,19
1158,848,FP3,16,0 days 00:01:16.530000,20
1158,839,FP3,17,0 days 00:01:16.531000,18
1158,842,FP3,18,0 days 00:01:16.570000,22
1158,852,FP3,19,0 days 00:01:16.878000,19
1158,872,FP3,20,0 days 00:01:16.956000,18
1159,846,FP1,1,0 days 00:01:10.278000,35
1159,857,FP1,2,0 days 00:01:10.570000,32
1159,840,FP1,3,0 days 00:01:10.779000,25
1159,4,FP1,4,0 days 00:01:10.841000,25
1159,848,FP1,5,0 days 00:01:11.171000,33
1159,830,FP1,6,0 days 00:01:11.218000,23
1159,847,FP1,7,0 days 00:01:11.386000,29
1159,832,FP1,8,0 days 00:01:11.458000,33
1159,866,FP1,9,0 days 00:01:11.509000,30
1159,842,FP1,10,0 days 00:01:11.613000,30
1159,859,FP1,11,0 days 00:01:11.753000,29
1159,872,FP1,12,0 days 00:01:11.772000,30
1159,807,FP1,13,0 days 00:01:11.875000,30
1159,844,FP1,14,0 days 00:01:11.951000,32
1159,1,FP1,15,0 days 00:01:11.960000,28
1159,852,FP1,16,0 days 00:01:12.126000,24
1159,839,FP1,17,0 days 00:01:12.144000,29
1159,861,FP1,18,0 days 00:01:12.276000,27
1159,860,FP1,19,0 days 00:01:12.564000,30
1159,863,FP1,20,0 days 00:01:14.275000,6
1159,846,FP2,1,0 days 00:01:09.890000,28
1159,4,FP2,2,0 days 00:01:09.977000,20
1159,857,FP2,3,0 days 00:01:09.979000,29
1159,847,FP2,4,0 days 00:01:10.274000,25
1159,830,FP2,5,0 days 00:01:10.478000,23
1159,1,FP2,6,0 days 00:01:10.738000,22
1159,852,FP2,7,0 days 00:01:10.795000,26
1159,844,FP2,8,0 days 00:01:10.834000,23
1159,861,FP2,9,0 days 00:01:10.957000,26
1159,807,FP2,10,0 days 00:01:11.080000,25
1159,860,FP2,11,0 days 00:01:11.113000,26
1159,863,FP2,12,0 days 00:01:11.185000,21
1159,866,FP2,13,0 days 00:01:11.320000,25
1159,859,FP2,14,0 days 00:01:11.339000,25
1159,839,FP2,15,0 days 00:01:11.361000,23
1159,832,FP2,16,0 days 00:01:11.682000,30
1159,848,FP2,17,0 days 00:01:11.756000,16
1159,840,FP2,18,0 days 00:01:11.975000,7
1159,842,FP2,19,0 days 00:01:12.122000,28
1159,846,FP3,1,0 days 00:01:08.972000,16
1159,857,FP3,2,0 days 00:01:09.214000,15
1159,847,FP3,3,0 days 00:01:09.858000,17
1159,832,FP3,4,0 days 00:01:09.913000,23
1159,830,FP3,5,0 days 00:01:09.925000,20
1159,844,FP3,6,0 days 00:01:09.938000,23
1159,848,FP3,7,0 days 00:01:10.099000,22
1159,840,FP3,8,0 days 00:01:10.103000,24
1159,872,FP3,9,0 days 00:01:10.166000,21
1159,4,FP3,10,0 days 00:01:10.232000,20
1159,859,FP3,11,0 days 00:01:10.300000,17
1159,852,FP3,12,0 days 00:01:10.349000,19
1159,866,FP3,13,0 days 00:01:10.361000,21
1159,1,FP3,14,0 days 00:01:10.373000,20
1159,860,FP3,15,0 days 00:01:10.595000,19
1159,807,FP3,16,0 days 00:01:10.599000,24
1159,863,FP3,17,0 days 00:01:10.697000,31
1159,839,FP3,18,0 days 00:01:10.801000,18
1159,842,FP3,19,0 days 00:01:10.963000,24
1159,861,FP3,20,0 days 00:01:11.054000,21
1160,1,FP1,1,0 days 00:01:20.117000,20
1160,844,FP1,2,0 days 00:01:20.286000,24
1160,832,FP1,3,0 days 00:01:20.650000,25
1160,830,FP1,4,0 days 00:01:20.692000,22
1160,863,FP1,5,0 days 00:01:20.940000,25
1160,846,FP1,6,0 days 00:01:21.021000,28
1160,848,FP1,7,0 days 00:01:21.073000,25
1160,847,FP1,8,0 days 00:01:21.110000,20
1160,4,FP1,9,0 days 00:01:21.114000,20
1160,872,FP1,10,0 days 00:01:21.158000,25
1160,866,FP1,11,0 days 00:01:21.172000,24
1160,807,FP1,12,0 days 00:01:21.179000,26
1160,859,FP1,13,0 days 00:01:21.201000,27
1160,852,FP1,14,0 days 00:01:21.292000,24
1160,840,FP1,15,0 days 00:01:21.295000,26
1160,839,FP1,16,0 days 00:01:21.642000,22
1160,842,FP1,17,0 days 00:01:21.653000,26
1160,860,FP1,18,0 days 00:01:22.058000,23
1160,846,FP2,1,0 days 00:01:19.878000,28
1160,844,FP2,2,0 days 00:01:19.961000,29
1160,832,FP2,3,0 days 00:01:19.974000,30
1160,857,FP2,4,0 days 00:01:20.059000,29
1160,1,FP2,5,0 days 00:01:20.070000,26
1160,830,FP2,6,0 days 00:01:20.077000,27
1160,848,FP2,7,0 days 00:01:20.179000,28
1160,807,FP2,8,0 days 00:01:20.241000,27
1160,852,FP2,9,0 days 00:01:20.269000,28
1160,847,FP2,10,0 days 00:01:20.276000,29
1160,872,FP2,11,0 days 00:01:20.383000,24
1160,866,FP2,12,0 days 00:01:20.475000,25
1160,840,FP2,13,0 days 00:01:20.528000,28
1160,860,FP2,14,0 days 00:01:20.607000,29
1160,4,FP2,15,0 days 00:01:20.645000,26
1160,839,FP2,16,0 days 00:01:20.654000,29
1160,859,FP2,17,0 days 00:01:20.811000,25
1160,842,FP2,18,0 days 00:01:21.102000,30
1160,863,FP2,19,0 days 00:01:21.367000,4
1160,861,FP2,20,0 days 00:01:21.564000,30
1160,846,FP3,1,0 days 00:01:19.331000,21
1160,844,FP3,2,0 days 00:01:19.352000,24
1160,857,FP3,3,0 days 00:01:19.496000,22
1160,830,FP3,4,0 days 00:01:19.498000,18
1160,847,FP3,5,0 days 00:01:19.515000,19
1160,866,FP3,6,0 days 00:01:19.558000,18
1160,1,FP3,7,0 days 00:01:19.598000,23
1160,872,FP3,8,0 days 00:01:19.603000,20
1160,863,FP3,9,0 days 00:01:19.696000,24
1160,848,FP3,10,0 days 00:01:19.720000,23
1160,807,FP3,11,0 days 00:01:19.737000,18
1160,4,FP3,12,0 days 00:01:19.861000,19
1160,832,FP3,13,0 days 00:01:19.907000,23
1160,861,FP3,14,0 days 00:01:20.034000,22
1160,852,FP3,15,0 days 00:01:20.059000,24
1160,859,FP3,16,0 days 00:01:20.132000,14
1160,860,FP3,17,0 days 00:01:20.209000,22
1160,842,FP3,18,0 days 00:01:20.247000,23
1160,840,FP3,19,0 days 00:01:20.247000,22
1160,839,FP3,20,0 days 00:01:20.304000,20
1161,846,FP1,1,0 days 00:01:42.704000,19
1161,857,FP1,2,0 days 00:01:43.014000,14
1161,844,FP1,3,0 days 00:01:43.256000,17
1161,847,FP1,4,0 days 00:01:43.257000,16
1161,848,FP1,5,0 days 00:01:43.563000,17
1161,852,FP1,6,0 days 00:01:43.738000,16
1161,830,FP1,7,0 days 00:01:43.790000,15
1161,832,FP1,8,0 days 00:01:43.859000,17
1161,859,FP1,9,0 days 00:01:43.903000,17
1161,872,FP1,10,0 days 00:01:43.975000,17
1161,863,FP1,11,0 days 00:01:43.985000,17
1161,807,FP1,12,0 days 00:01:43.986000,18
1161,1,FP1,13,0 days 00:01:44.087000,14
1161,866,FP1,14,0 days 00:01:44.087000,18
1161,4,FP1,15,0 days 00:01:44.139000,15
1161,860,FP1,16,0 days 00:01:44.151000,17
1161,840,FP1,17,0 days 00:01:44.329000,15
1161,839,FP1,18,0 days 00:01:44.439000,15
1161,861,FP1,19,0 days 00:01:45.299000,14
1161,842,FP1,20,0 days 00:01:45.418000,17
1161,1,FP2,1,0 days 00:01:41.293000,21
1161,844,FP2,2,0 days 00:01:41.367000,23
1161,847,FP2,3,0 days 00:01:41.770000,19
1161,863,FP2,4,0 days 00:01:41.779000,22
1161,860,FP2,5,0 days 00:01:41.891000,23
1161,830,FP2,6,0 days 00:01:41.902000,22
1161,859,FP2,7,0 days 00:01:41.989000,22
1161,839,FP2,8,0 days 00:01:42.167000,23
1161,848,FP2,9,0 days 00:01:42.177000,24
1161,846,FP2,10,0 days 00:01:42.199000,7
1161,832,FP2,11,0 days 00:01:42.255000,24
1161,857,FP2,12,0 days 00:01:42.295000,23
1161,872,FP2,13,0 days 00:01:42.443000,23
1161,852,FP2,14,0 days 00:01:42.444000,22
1161,866,FP2,15,0 days 00:01:42.561000,22
1161,842,FP2,16,0 days 00:01:42.674000,22
1161,840,FP2,17,0 days 00:01:42.771000,24
1161,807,FP2,18,0 days 00:01:42.820000,22
1161,4,FP2,19,0 days 00:01:42.967000,24
1161,861,FP2,20,0 days 00:01:43.322000,22
1161,846,FP3,1,0 days 00:01:41.223000,19
1161,830,FP3,2,0 days 00:01:41.445000,19
1161,857,FP3,3,0 days 00:01:41.477000,21
1161,1,FP3,4,0 days 00:01:41.499000,18
1161,863,FP3,5,0 days 00:01:41.876000,17
1161,847,FP3,6,0 days 00:01:41.964000,17
1161,848,FP3,7,0 days 00:01:41.983000,19
1161,860,FP3,8,0 days 00:01:41.985000,23
1161,859,FP3,9,0 days 00:01:42.146000,21
1161,844,FP3,10,0 days 00:01:42.209000,19
1161,872,FP3,11,0 days 00:01:42.267000,22
1161,807,FP3,12,0 days 00:01:42.428000,17
1161,832,FP3,13,0 days 00:01:42.486000,17
1161,4,FP3,14,0 days 00:01:42.591000,17
1161,861,FP3,15,0 days 00:01:42.789000,19
1161,852,FP3,16,0 days 00:01:42.840000,18
1161,839,FP3,17,0 days 00:01:42.868000,20
1161,866,FP3,18,0 days 00:01:43.060000,16
1161,842,FP3,19,0 days 00:01:43.322000,21
1161,840,FP3,20,0 days 00:01:43.350000,17
1162,4,FP1,1,0 days 00:01:31.116000,23
1162,844,FP1,2,0 days 00:01:31.266000,25
1162,830,FP1,3,0 days 00:01:31.392000,24
1162,1,FP1,4,0 days 00:01:31.480000,23
1162,857,FP1,5,0 days 00:01:31.481000,25
1162,846,FP1,6,0 days 00:01:31.698000,22
1162,872,FP1,7,0 days 00:01:31.755000,28
1162,832,FP1,8,0 days 00:01:31.812000,27
1162,852,FP1,9,0 days 00:01:31.860000,25
1162,839,FP1,10,0 days 00:01:32.128000,24
1162,847,FP1,11,0 days 00:01:32.139000,22
1162,807,FP1,12,0 days 00:01:32.315000,29
1162,842,FP1,13,0 days 00:01:32.378000,26
1162,863,FP1,14,0 days 00:01:32.399000,24
1162,859,FP1,15,0 days 00:01:32.461000,27
1162,860,FP1,16,0 days 00:01:32.538000,25
1162,866,FP1,17,0 days 00:01:32.611000,27
1162,840,FP1,18,0 days 00:01:33.034000,18
1162,861,FP1,19,0 days 00:01:33.324000,26
1162,848,FP1,20,0 days 00:01:57.029000,2
1162,857,FP2,1,0 days 00:01:30.714000,19
1162,872,FP2,2,0 days 00:01:30.846000,19
1162,830,FP2,3,0 days 00:01:30.857000,19
1162,4,FP2,4,0 days 00:01:30.877000,19
1162,846,FP2,5,0 days 00:01:31.197000,18
1162,840,FP2,6,0 days 00:01:31.222000,18
1162,839,FP2,7,0 days 00:01:31.298000,19
1162,832,FP2,8,0 days 00:01:31.299000,20
1162,844,FP2,9,0 days 00:01:31.466000,18
1162,1,FP2,10,0 days 00:01:31.491000,17
1162,852,FP2,11,0 days 00:01:31.708000,18
1162,860,FP2,12,0 days 00:01:31.711000,18
1162,848,FP2,13,0 days 00:01:32.060000,19
1162,807,FP2,14,0 days 00:01:32.069000,19
1162,866,FP2,15,0 days 00:01:32.319000,19
1162,842,FP2,16,0 days 00:01:32.458000,20
1162,859,FP2,17,0 days 00:01:32.645000,10
1162,863,FP2,18,0 days 00:01:32.719000,18
1162,861,FP2,19,0 days 00:01:33.139000,20
1162,847,FP2,20,0 days 00:01:33.231000,6
1162,830,FP3,1,0 days 00:01:30.148000,16
1162,857,FP3,2,0 days 00:01:30.165000,26
1162,847,FP3,3,0 days 00:01:30.197000,18
1162,863,FP3,4,0 days 00:01:30.237000,19
1162,846,FP3,5,0 days 00:01:30.237000,26
1162,832,FP3,6,0 days 00:01:30.392000,23
1162,872,FP3,7,0 days 00:01:30.489000,25
1162,1,FP3,8,0 days 00:01:30.559000,23
1162,807,FP3,9,0 days 00:01:30.637000,22
1162,844,FP3,10,0 days 00:01:30.651000,23
1162,848,FP3,11,0 days 00:01:30.668000,23
1162,866,FP3,12,0 days 00:01:30.697000,25
1162,839,FP3,13,0 days 00:01:30.784000,23
1162,860,FP3,14,0 days 00:01:30.799000,24
1162,4,FP3,15,0 days 00:01:30.923000,22
1162,861,FP3,16,0 days 00:01:31.047000,23
1162,840,FP3,17,0 days 00:01:31.260000,24
1162,852,FP3,18,0 days 00:01:31.440000,25
1162,842,FP3,19,0 days 00:01:31.643000,23
1162,859,FP3,20,0 days 00:01:33.628000,7
1163,846,FP1,1,0 days 00:01:33.294000,23
1163,807,FP1,2,0 days 00:01:33.549000,24
1163,857,FP1,3,0 days 00:01:33.573000,26
1163,4,FP1,4,0 days 00:01:33.639000,23
1163,830,FP1,5,0 days 00:01:33.648000,26
1163,848,FP1,6,0 days 00:01:33.920000,27
1163,847,FP1,7,0 days 00:01:33.931000,27
1163,1,FP1,8,0 days 00:01:33.965000,25
1163,872,FP1,9,0 days 00:01:34.155000,25
1163,860,FP1,10,0 days 00:01:34.333000,27
1163,839,FP1,11,0 days 00:01:34.368000,26
1163,866,FP1,12,0 days 00:01:34.478000,24
1163,852,FP1,13,0 days 00:01:34.531000,24
1163,840,FP1,14,0 days 00:01:34.610000,23
1163,859,FP1,15,0 days 00:01:34.619000,25
1163,861,FP1,16,0 days 00:01:34.653000,25
1163,842,FP1,17,0 days 00:01:34.665000,24
1163,863,FP1,18,0 days 00:01:34.737000,27
1163,832,FP1,19,0 days 00:01:35.874000,9
1163,844,FP1,20,0 days 00:01:36.080000,18
1164,844,FP1,1,0 days 00:01:18.380000,29
1164,863,FP1,2,0 days 00:01:18.487000,35
1164,807,FP1,3,0 days 00:01:18.760000,27
1164,857,FP1,4,0 days 00:01:18.784000,31
1164,866,FP1,5,0 days 00:01:18.916000,28
1164,876,FP1,6,0 days 00:01:18.997000,26
1164,839,FP1,7,0 days 00:01:19.038000,29
1164,852,FP1,8,0 days 00:01:19.090000,29
1164,861,FP1,9,0 days 00:01:19.331000,28
1164,848,FP1,10,0 days 00:01:19.384000,33
1164,872,FP1,11,0 days 00:01:19.409000,32
1164,4,FP1,12,0 days 00:01:19.472000,26
1164,830,FP2,1,0 days 00:01:17.392000,34
1164,844,FP2,2,0 days 00:01:17.545000,32
1164,863,FP2,3,0 days 00:01:17.566000,27
1164,846,FP2,4,0 days 00:01:17.643000,31
1164,1,FP2,5,0 days 00:01:17.692000,30
1164,847,FP2,6,0 days 00:01:17.829000,33
1164,852,FP2,7,0 days 00:01:17.883000,31
1164,4,FP2,8,0 days 00:01:17.938000,29
1164,832,FP2,9,0 days 00:01:17.939000,34
1164,840,FP2,10,0 days 00:01:17.954000,30
1164,859,FP2,11,0 days 00:01:18.218000,32
1164,857,FP2,12,0 days 00:01:18.232000,31
1164,839,FP2,13,0 days 00:01:18.266000,31
1164,872,FP2,14,0 days 00:01:18.281000,30
1164,866,FP2,15,0 days 00:01:18.323000,30
1164,807,FP2,16,0 days 00:01:18.348000,29
1164,860,FP2,17,0 days 00:01:18.442000,34
1164,861,FP2,18,0 days 00:01:18.721000,31
1164,848,FP2,19,0 days 00:01:18.855000,31
1164,842,FP2,20,0 days 00:01:19.194000,30
1164,846,FP3,1,0 days 00:01:16.633000,22
1164,1,FP3,2,0 days 00:01:16.978000,29
1164,847,FP3,3,0 days 00:01:17.145000,19
1164,844,FP3,4,0 days 00:01:17.199000,26
1164,857,FP3,5,0 days 00:01:17.232000,23
1164,830,FP3,6,0 days 00:01:17.242000,30
1164,863,FP3,7,0 days 00:01:17.253000,19
1164,872,FP3,8,0 days 00:01:17.396000,19
1164,852,FP3,9,0 days 00:01:17.415000,23
1164,866,FP3,10,0 days 00:01:17.526000,24
1164,859,FP3,11,0 days 00:01:17.552000,20
1164,839,FP3,12,0 days 00:01:17.574000,26
1164,840,FP3,13,0 days 00:01:17.598000,23
1164,807,FP3,14,0 days 00:01:17.664000,25
1164,832,FP3,15,0 days 00:01:17.801000,24
1164,848,FP3,16,0 days 00:01:17.994000,20
1164,860,FP3,17,0 days 00:01:18.046000,23
1164,842,FP3,18,0 days 00:01:18.412000,24
1164,861,FP3,19,0 days 00:01:18.581000,22
1164,4,FP3,20,0 days 00:01:18.611000,12
1165,846,FP1,1,0 days 00:01:09.975000,31
1165,857,FP1,2,0 days 00:01:09.998000,33
1165,807,FP1,3,0 days 00:01:10.594000,32
1165,4,FP1,4,0 days 00:01:10.606000,26
1165,866,FP1,5,0 days 00:01:10.616000,32
1165,847,FP1,6,0 days 00:01:10.645000,35
1165,842,FP1,7,0 days 00:01:10.681000,33
1165,832,FP1,8,0 days 00:01:10.686000,36
1165,872,FP1,9,0 days 00:01:10.707000,31
1165,863,FP1,10,0 days 00:01:10.744000,37
1165,859,FP1,11,0 days 00:01:10.794000,36
1165,848,FP1,12,0 days 00:01:10.807000,35
1165,839,FP1,13,0 days 00:01:10.906000,29
1165,860,FP1,14,0 days 00:01:10.961000,32
1165,840,FP1,15,0 days 00:01:11.070000,31
1165,861,FP1,16,0 days 00:01:11.160000,30
1165,830,FP1,17,0 days 00:01:11.368000,31
1165,844,FP1,18,0 days 00:01:11.493000,30
1165,1,FP1,19,0 days 00:01:11.526000,28
1165,852,FP1,20,0 days 00:01:11.763000,20
1166,844,FP1,1,0 days 00:01:34.802000,29
1166,848,FP1,2,0 days 00:01:34.968000,23
1166,852,FP1,3,0 days 00:01:35.071000,27
1166,830,FP1,4,0 days 00:01:35.109000,24
1166,832,FP1,5,0 days 00:01:35.179000,31
1166,846,FP1,6,0 days 00:01:35.258000,25
1166,872,FP1,7,0 days 00:01:35.299000,30
1166,857,FP1,8,0 days 00:01:35.450000,27
1166,847,FP1,9,0 days 00:01:35.534000,25
1166,863,FP1,10,0 days 00:01:35.538000,30
1166,1,FP1,11,0 days 00:01:35.561000,26
1166,842,FP1,12,0 days 00:01:35.589000,26
1166,859,FP1,13,0 days 00:01:35.709000,28
1166,4,FP1,14,0 days 00:01:35.746000,23
1166,840,FP1,15,0 days 00:01:35.894000,25
1166,860,FP1,16,0 days 00:01:35.990000,28
1166,839,FP1,17,0 days 00:01:36.123000,30
1166,807,FP1,18,0 days 00:01:36.170000,25
1166,866,FP1,19,0 days 00:01:36.398000,25
1166,861,FP1,20,0 days 00:01:36.758000,28
1166,846,FP2,1,0 days 00:01:33.602000,12
1166,863,FP2,2,0 days 00:01:33.631000,17
1166,844,FP2,3,0 days 00:01:33.763000,15
1166,807,FP2,4,0 days 00:01:33.879000,14
1166,872,FP2,5,0 days 00:01:33.893000,16
1166,859,FP2,6,0 days 00:01:33.901000,16
1166,847,FP2,7,0 days 00:01:34.037000,17
1166,848,FP2,8,0 days 00:01:34.067000,17
1166,830,FP2,9,0 days 00:01:34.105000,16
1166,1,FP2,10,0 days 00:01:34.127000,16
1166,840,FP2,11,0 days 00:01:34.191000,15
1166,842,FP2,12,0 days 00:01:34.373000,18
1166,832,FP2,13,0 days 00:01:34.435000,16
1166,857,FP2,14,0 days 00:01:34.493000,12
1166,852,FP2,15,0 days 00:01:34.692000,16
1166,861,FP2,16,0 days 00:01:34.824000,18
1166,860,FP2,17,0 days 00:01:34.986000,16
1166,4,FP2,18,0 days 00:01:35.012000,14
1166,839,FP2,19,0 days 00:01:35.228000,17
1166,866,FP2,20,0 days 00:01:35.499000,15
1166,847,FP3,1,0 days 00:01:34.054000,21
1166,830,FP3,2,0 days 00:01:34.281000,28
1166,848,FP3,3,0 days 00:01:34.875000,21
1166,872,FP3,4,0 days 00:01:35.169000,26
1166,1,FP3,5,0 days 00:01:35.269000,29
1166,863,FP3,6,0 days 00:01:35.385000,23
1166,859,FP3,7,0 days 00:01:35.439000,25
1166,840,FP3,8,0 days 00:01:35.533000,11
1166,4,FP3,9,0 days 00:01:35.540000,12
1166,842,FP3,10,0 days 00:01:35.562000,13
1166,860,FP3,11,0 days 00:01:35.586000,18
1166,832,FP3,12,0 days 00:01:35.662000,22
1166,866,FP3,13,0 days 00:01:35.738000,16
1166,839,FP3,14,0 days 00:01:35.817000,24
1166,844,FP3,15,0 days 00:01:35.908000,27
1166,861,FP3,16,0 days 00:01:36.305000,17
1166,807,FP3,17,0 days 00:01:36.650000,11
1166,852,FP3,18,0 days 00:01:36.667000,24
1166,857,FP3,19,0 days 00:01:37.023000,20
1166,846,FP3,20,0 days 00:01:37.112000,18
1167,857,FP1,1,0 days 00:01:20.924000,29
1167,846,FP1,2,0 days 00:01:20.982000,28
1167,4,FP1,3,0 days 00:01:21.310000,26
1167,832,FP1,4,0 days 00:01:21.404000,20
1167,872,FP1,5,0 days 00:01:21.503000,30
1167,830,FP1,6,0 days 00:01:21.504000,27
1167,848,FP1,7,0 days 00:01:21.609000,29
1167,844,FP1,8,0 days 00:01:21.668000,31
1167,840,FP1,9,0 days 00:01:21.669000,26
1167,863,FP1,10,0 days 00:01:21.698000,32
1167,807,FP1,11,0 days 00:01:21.783000,23
1167,1,FP1,12,0 days 00:01:21.794000,28
1167,852,FP1,13,0 days 00:01:21.796000,28
1167,847,FP1,14,0 days 00:01:21.824000,33
1167,866,FP1,15,0 days 00:01:21.926000,29
1167,860,FP1,16,0 days 00:01:21.926000,26
1167,839,FP1,17,0 days 00:01:22.096000,30
1167,842,FP1,18,0 days 00:01:22.424000,25
1167,859,FP1,19,0 days 00:01:22.562000,30
1167,861,FP1,20,0 days 00:01:23.529000,26
1168,846,FP1,1,0 days 00:01:24.485000,28
1168,830,FP1,2,0 days 00:01:24.493000,30
1168,844,FP1,3,0 days 00:01:24.501000,28
1168,863,FP1,4,0 days 00:01:24.608000,30
1168,807,FP1,5,0 days 00:01:24.629000,28
1168,847,FP1,6,0 days 00:01:24.733000,29
1168,866,FP1,7,0 days 00:01:24.742000,29
1168,860,FP1,8,0 days 00:01:24.759000,14
1168,832,FP1,9,0 days 00:01:24.771000,27
1168,861,FP1,10,0 days 00:01:24.855000,28
1168,872,FP1,11,0 days 00:01:24.977000,31
1168,876,FP1,12,0 days 00:01:25.256000,26
1168,846,FP2,1,0 days 00:01:23.083000,28
1168,830,FP2,2,0 days 00:01:23.446000,31
1168,847,FP2,3,0 days 00:01:23.462000,29
1168,860,FP2,4,0 days 00:01:23.501000,28
1168,807,FP2,5,0 days 00:01:23.550000,28
1168,866,FP2,6,0 days 00:01:23.570000,28
1168,872,FP2,7,0 days 00:01:23.657000,29
1168,844,FP2,8,0 days 00:01:23.658000,31
1168,4,FP2,9,0 days 00:01:23.708000,27
1168,863,FP2,10,0 days 00:01:23.750000,29
1168,857,FP2,11,0 days 00:01:23.763000,29
1168,840,FP2,12,0 days 00:01:23.832000,29
1168,832,FP2,13,0 days 00:01:23.872000,31
1168,1,FP2,14,0 days 00:01:23.939000,29
1168,848,FP2,15,0 days 00:01:23.950000,32
1168,839,FP2,16,0 days 00:01:23.958000,27
1168,852,FP2,17,0 days 00:01:24.303000,29
1168,859,FP2,18,0 days 00:01:24.474000,32
1168,861,FP2,19,0 days 00:01:24.771000,28
1168,842,FP2,20,0 days 00:01:24.963000,30
1168,847,FP3,1,0 days 00:01:23.334000,14
1168,846,FP3,2,0 days 00:01:23.338000,20
1168,830,FP3,3,0 days 00:01:23.458000,15
1168,4,FP3,4,0 days 00:01:23.585000,17
1168,857,FP3,5,0 days 00:01:23.593000,17
1168,839,FP3,6,0 days 00:01:23.605000,19
1168,860,FP3,7,0 days 00:01:23.609000,16
1168,844,FP3,8,0 days 00:01:23.675000,18
1168,863,FP3,9,0 days 00:01:23.707000,14
1168,848,FP3,10,0 days 00:01:23.722000,18
1168,866,FP3,11,0 days 00:01:23.791000,16
1168,832,FP3,12,0 days 00:01:23.811000,18
1168,807,FP3,13,0 days 00:01:23.870000,17
1168,840,FP3,14,0 days 00:01:23.895000,19
1168,859,FP3,15,0 days 00:01:23.947000,16
1168,872,FP3,16,0 days 00:01:23.979000,17
1168,842,FP3,17,0 days 00:01:24.072000,19
1168,1,FP3,18,0 days 00:01:24.470000,8
1168,861,FP3,19,0 days 00:01:24.501000,18
1168,852,FP3,20,0 days 00:01:24.693000,10
1169,844,FP1,1,0 days 00:01:20.267000,33
1169,1,FP1,2,0 days 00:01:20.736000,30
1169,830,FP1,3,0 days 00:01:20.789000,27
1169,872,FP1,4,0 days 00:01:21.087000,24
1169,876,FP1,5,0 days 00:01:21.313000,22
1169,857,FP1,6,0 days 00:01:21.342000,21
1169,847,FP1,7,0 days 00:01:21.371000,26
1169,863,FP1,8,0 days 00:01:21.376000,24
1169,866,FP1,9,0 days 00:01:21.696000,23
1169,807,FP1,10,0 days 00:01:21.969000,21
1169,839,FP1,11,0 days 00:01:22.161000,28
1169,832,FP1,12,0 days 00:01:22.323000,30
1169,859,FP1,13,0 days 00:01:22.613000,28
1169,860,FP1,14,0 days 00:01:22.682000,25
1169,848,FP1,15,0 days 00:01:23.130000,24
1169,861,FP1,16,0 days 00:01:23.325000,26
1169,822,FP1,17,0 days 00:01:24.022000,24
1169,842,FP1,18,0 days 00:01:24.035000,27
1169,846,FP1,19,0 days 00:01:24.391000,7
1169,815,FP1,20,0 days 00:01:24.620000,14
1169,840,FP1,21,0 days 00:01:50.334000,3
1169,857,FP2,1,0 days 00:01:19.729000,26
1169,863,FP2,2,0 days 00:01:19.943000,31
1169,847,FP2,3,0 days 00:01:20.049000,28
1169,1,FP2,4,0 days 00:01:20.050000,32
1169,844,FP2,5,0 days 00:01:20.291000,30
1169,830,FP2,6,0 days 00:01:20.366000,13
1169,846,FP2,7,0 days 00:01:20.794000,29
1169,876,FP2,8,0 days 00:01:20.922000,30
1169,872,FP2,9,0 days 00:01:20.941000,28
1169,839,FP2,10,0 days 00:01:21.179000,29
1169,860,FP2,11,0 days 00:01:21.326000,31
1169,807,FP2,12,0 days 00:01:21.351000,34
1169,859,FP2,13,0 days 00:01:21.358000,29
1169,866,FP2,14,0 days 00:01:21.668000,28
1169,848,FP2,15,0 days 00:01:21.847000,32
1169,842,FP2,16,0 days 00:01:22.167000,16
1169,832,FP2,17,0 days 00:01:22.253000,10
1169,861,FP2,18,0 days 00:01:22.619000,27
1169,822,FP2,19,0 days 00:01:23.660000,28
1169,4,FP2,20,0 days 00:01:24.662000,18
1169,840,FP2,21,0 days 00:01:25.816000,13
1169,815,FP2,22,0 days 00:01:58.806000,2
1169,847,FP3,1,0 days 00:01:19.053000,23
1169,1,FP3,2,0 days 00:01:19.669000,22
1169,844,FP3,3,0 days 00:01:19.827000,20
1169,857,FP3,4,0 days 00:01:20.087000,17
1169,872,FP3,5,0 days 00:01:20.137000,15
1169,830,FP3,6,0 days 00:01:20.197000,15
1169,863,FP3,7,0 days 00:01:20.324000,18
1169,846,FP3,8,0 days 00:01:20.443000,22
1169,866,FP3,9,0 days 00:01:20.459000,19
1169,860,FP3,10,0 days 00:01:20.778000,18
1169,876,FP3,11,0 days 00:01:20.838000,15
1169,859,FP3,12,0 days 00:01:20.890000,13
1169,839,FP3,13,0 days 00:01:20.983000,19
1169,807,FP3,14,0 days 00:01:21.067000,22
1169,842,FP3,15,0 days 00:01:21.071000,26
1169,861,FP3,16,0 days 00:01:21.413000,22
1169,848,FP3,17,0 days 00:01:21.664000,17
1169,4,FP3,18,0 days 00:01:22.720000,20
1169,822,FP3,19,0 days 00:01:23.514000,12
1169,815,FP3,20,0 days 00:01:24.397000,21
1170,847,FP1,1,0 days 00:01:32.741000,29
1170,863,FP1,2,0 days 00:01:32.861000,30
1170,846,FP1,3,0 days 00:01:33.296000,29
1170,857,FP1,4,0 days 00:01:33.472000,28
1170,844,FP1,5,0 days 00:01:33.599000,28
1170,1,FP1,6,0 days 00:01:34.129000,26
1170,860,FP1,7,0 days 00:01:34.426000,28
1170,830,FP1,8,0 days 00:01:34.541000,24
1170,807,FP1,9,0 days 00:01:34.639000,27
1170,842,FP1,10,0 days 00:01:34.676000,28
1170,859,FP1,11,0 days 00:01:34.773000,29
1170,866,FP1,12,0 days 00:01:34.828000,26
1170,872,FP1,13,0 days 00:01:34.856000,26
1170,839,FP1,14,0 days 00:01:34.877000,25
1170,861,FP1,15,0 days 00:01:34.947000,26
1170,848,FP1,16,0 days 00:01:35.480000,31
1170,832,FP1,17,0 days 00:01:35.679000,18
1170,4,FP1,18,0 days 00:01:35.856000,18
1170,822,FP1,19,0 days 00:01:36.057000,25
1170,840,FP1,20,0 days 00:01:37.224000,20
1170,876,FP1,21,0 days 00:01:37.896000,6
1170,815,FP1,22,0 days 00:01:39.200000,13
1171,847,FP1,1,0 days 00:01:31.666000,27
1171,863,FP1,2,0 days 00:01:31.692000,26
1171,846,FP1,3,0 days 00:01:31.798000,20
1171,857,FP1,4,0 days 00:01:31.865000,23
1171,844,FP1,5,0 days 00:01:31.955000,25
1171,1,FP1,6,0 days 00:01:32.040000,23
1171,830,FP1,7,0 days 00:01:32.457000,27
1171,859,FP1,8,0 days 00:01:32.529000,27
1171,839,FP1,9,0 days 00:01:32.601000,23
1171,876,FP1,10,0 days 00:01:32.665000,29
1171,866,FP1,11,0 days 00:01:32.759000,27
1171,807,FP1,12,0 days 00:01:32.798000,26
1171,872,FP1,13,0 days 00:01:32.803000,27
1171,860,FP1,14,0 days 00:01:32.900000,27
1171,842,FP1,15,0 days 00:01:32.978000,25
1171,861,FP1,16,0 days 00:01:33.361000,24
1171,832,FP1,17,0 days 00:01:33.383000,26
1171,848,FP1,18,0 days 00:01:33.697000,22
1171,815,FP1,19,0 days 00:01:34.221000,18
1171,822,FP1,20,0 days 00:01:34.490000,24
1171,840,FP1,21,0 days 00:01:35.294000,22
1171,857,FP2,1,0 days 00:01:30.133000,29
1171,863,FP2,2,0 days 00:01:30.225000,28
1171,847,FP2,3,0 days 00:01:30.338000,29
1171,846,FP2,4,0 days 00:01:30.649000,17
1171,844,FP2,5,0 days 00:01:30.846000,28
1171,1,FP2,6,0 days 00:01:30.980000,27
1171,807,FP2,7,0 days 00:01:31.441000,27
1171,848,FP2,8,0 days 00:01:31.496000,30
1171,860,FP2,9,0 days 00:01:31.498000,28
1171,830,FP2,10,0 days 00:01:31.509000,29
1171,839,FP2,11,0 days 00:01:31.532000,30
1171,859,FP2,12,0 days 00:01:31.590000,30
1171,832,FP2,13,0 days 00:01:31.608000,30
1171,842,FP2,14,0 days 00:01:31.734000,29
1171,872,FP2,15,0 days 00:01:31.759000,29
1171,866,FP2,16,0 days 00:01:31.933000,11
1171,861,FP2,17,0 days 00:01:32.438000,28
1171,822,FP2,18,0 days 00:01:32.615000,28
1171,4,FP2,19,0 days 00:01:33.596000,24
1171,815,FP2,20,0 days 00:01:33.689000,14
1171,840,FP2,21,0 days 00:01:33.951000,21
1171,863,FP3,1,0 days 00:01:29.362000,18
1171,847,FP3,2,0 days 00:01:29.616000,18
1171,844,FP3,3,0 days 00:01:30.229000,20
1171,857,FP3,4,0 days 00:01:30.364000,19
1171,1,FP3,5,0 days 00:01:30.383000,23
1171,846,FP3,6,0 days 00:01:30.600000,13
1171,807,FP3,7,0 days 00:01:30.658000,21
1171,830,FP3,8,0 days 00:01:30.910000,22
1171,866,FP3,9,0 days 00:01:31,21
1171,842,FP3,10,0 days 00:01:31.082000,20
1171,872,FP3,11,0 days 00:01:31.094000,21
1171,859,FP3,12,0 days 00:01:31.097000,21
1171,876,FP3,13,0 days 00:01:31.288000,17
1171,839,FP3,14,0 days 00:01:31.326000,22
1171,860,FP3,15,0 days 00:01:31.558000,18
1171,848,FP3,16,0 days 00:01:31.733000,20
1171,861,FP3,17,0 days 00:01:31.759000,25
1171,832,FP3,18,0 days 00:01:31.829000,26
1171,822,FP3,19,0 days 00:01:32.503000,20
1171,815,FP3,20,0 days 00:01:32.540000,18
1171,840,FP3,21,0 days 00:01:33.485000,19
1171,4,FP3,22,0 days 00:01:33.529000,14
1172,844,FP1,1,0 days 00:01:29.310000,41
1172,830,FP1,2,0 days 00:01:29.607000,41
1172,857,FP1,3,0 days 00:01:29.758000,35
1172,1,FP1,4,0 days 00:01:29.777000,35
1172,863,FP1,5,0 days 00:01:30.079000,24
1172,847,FP1,6,0 days 00:01:30.100000,34
1172,846,FP1,7,0 days 00:01:30.208000,35
1172,842,FP1,8,0 days 00:01:30.587000,34
1172,872,FP1,9,0 days 00:01:30.873000,40
1172,832,FP1,10,0 days 00:01:30.930000,37
1172,861,FP1,11,0 days 00:01:31.015000,33
1172,848,FP1,12,0 days 00:01:31.024000,39
1172,860,FP1,13,0 days 00:01:31.091000,35
1172,866,FP1,14,0 days 00:01:31.111000,28
1172,807,FP1,15,0 days 00:01:31.595000,33
1172,839,FP1,16,0 days 00:01:31.635000,36
1172,859,FP1,17,0 days 00:01:31.648000,41
1172,815,FP1,18,0 days 00:01:32.047000,25
1172,4,FP1,19,0 days 00:01:32.593000,29
1172,822,FP1,20,0 days 00:01:32.762000,33
1172,876,FP1,21,0 days 00:01:32.862000,41
1172,840,FP1,22,0 days 00:01:32.959000,28
1173,863,FP1,1,0 days 00:01:13.402000,33
1173,847,FP1,2,0 days 00:01:13.544000,35
1173,1,FP1,3,0 days 00:01:14.176000,36
1173,844,FP1,4,0 days 00:01:14.355000,36
1173,830,FP1,5,0 days 00:01:14.366000,31
1173,846,FP1,6,0 days 00:01:14.799000,32
1173,857,FP1,7,0 days 00:01:14.963000,32
1173,876,FP1,8,0 days 00:01:15.452000,33
1173,807,FP1,9,0 days 00:01:15.698000,28
1173,4,FP1,10,0 days 00:01:15.863000,31
1173,866,FP1,11,0 days 00:01:16.214000,33
1173,872,FP1,12,0 days 00:01:16.253000,29
1173,839,FP1,13,0 days 00:01:16.497000,32
1173,848,FP1,14,0 days 00:01:16.642000,15
1173,832,FP1,15,0 days 00:01:16.660000,36
1173,842,FP1,16,0 days 00:01:16.809000,29
1173,840,FP1,17,0 days 00:01:16.978000,30
1173,859,FP1,18,0 days 00:01:17.431000,5
1173,860,FP1,19,0 days 00:01:17.770000,26
1173,822,FP1,20,0 days 00:01:17.868000,28
1173,815,FP1,21,0 days 00:01:17.926000,28
1174,844,FP1,1,0 days 00:01:13.978000,31
1174,1,FP1,2,0 days 00:01:14.204000,28
1174,830,FP1,3,0 days 00:01:14.491000,26
1174,863,FP1,4,0 days 00:01:14.537000,31
1174,847,FP1,5,0 days 00:01:14.983000,29
1174,846,FP1,6,0 days 00:01:15.291000,27
1174,807,FP1,7,0 days 00:01:15.343000,27
1174,857,FP1,8,0 days 00:01:15.565000,29
1174,866,FP1,9,0 days 00:01:15.750000,31
1174,842,FP1,10,0 days 00:01:15.828000,32
1174,848,FP1,11,0 days 00:01:15.989000,33
1174,832,FP1,12,0 days 00:01:16.041000,31
1174,872,FP1,13,0 days 00:01:16.148000,14
1174,815,FP1,14,0 days 00:01:16.170000,28
1174,861,FP1,15,0 days 00:01:16.189000,32
1174,860,FP1,16,0 days 00:01:16.292000,31
1174,839,FP1,17,0 days 00:01:16.333000,31
1174,876,FP1,18,0 days 00:01:16.389000,34
1174,859,FP1,19,0 days 00:01:16.431000,31
1174,4,FP1,20,0 days 00:01:16.678000,21
1174,822,FP1,21,0 days 00:01:17.460000,27
1174,840,FP1,22,0 days 00:01:17.556000,16
1174,1,FP2,1,0 days 00:01:13.026000,36
1174,844,FP2,2,0 days 00:01:13.137000,36
1174,830,FP2,3,0 days 00:01:13.194000,35
1174,847,FP2,4,0 days 00:01:13.405000,35
1174,863,FP2,5,0 days 00:01:13.529000,35
1174,872,FP2,6,0 days 00:01:14.087000,24
1174,857,FP2,7,0 days 00:01:14.088000,31
1174,807,FP2,8,0 days 00:01:14.094000,34
1174,866,FP2,9,0 days 00:01:14.359000,35
1174,860,FP2,10,0 days 00:01:14.456000,37
1174,842,FP2,11,0 days 00:01:14.497000,37
1174,832,FP2,12,0 days 00:01:14.512000,34
1174,848,FP2,13,0 days 00:01:14.600000,39
1174,876,FP2,14,0 days 00:01:14.748000,37
1174,861,FP2,15,0 days 00:01:14.758000,31
1174,859,FP2,16,0 days 00:01:14.785000,36
1174,839,FP2,17,0 days 00:01:14.845000,35
1174,815,FP2,18,0 days 00:01:15.116000,31
1174,846,FP2,19,0 days 00:01:15.274000,8
1174,4,FP2,20,0 days 00:01:15.294000,30
1174,822,FP2,21,0 days 00:01:15.759000,28
1174,840,FP2,22,0 days 00:01:16.174000,27
1174,863,FP3,1,0 days 00:01:12.720000,22
1174,844,FP3,2,0 days 00:01:13.047000,32
1174,1,FP3,3,0 days 00:01:13.051000,30
1174,847,FP3,4,0 days 00:01:13.483000,23
1174,830,FP3,5,0 days 00:01:13.662000,23
1174,857,FP3,6,0 days 00:01:13.698000,20
1174,866,FP3,7,0 days 00:01:13.820000,27
1174,872,FP3,8,0 days 00:01:13.877000,25
1174,846,FP3,9,0 days 00:01:14.006000,24
1174,807,FP3,10,0 days 00:01:14.050000,22
1174,839,FP3,11,0 days 00:01:14.278000,24
1174,832,FP3,12,0 days 00:01:14.336000,26
1174,842,FP3,13,0 days 00:01:14.480000,22
1174,860,FP3,14,0 days 00:01:14.487000,18
1174,859,FP3,15,0 days 00:01:14.587000,27
1174,848,FP3,16,0 days 00:01:14.801000,24
1174,876,FP3,17,0 days 00:01:14.918000,24
1174,815,FP3,18,0 days 00:01:14.945000,19
1174,861,FP3,19,0 days 00:01:15.179000,21
1174,822,FP3,20,0 days 00:01:15.451000,17
1174,4,FP3,21,0 days 00:01:15.567000,26
1174,840,FP3,22,0 days 00:01:15.921000,22
1175,847,FP1,1,0 days 00:01:16.363000,27
1175,857,FP1,2,0 days 00:01:16.566000,29
1175,844,FP1,3,0 days 00:01:16.883000,29
1175,830,FP1,4,0 days 00:01:17.047000,29
1175,859,FP1,5,0 days 00:01:17.472000,24
1175,876,FP1,6,0 days 00:01:17.804000,29
1175,861,FP1,7,0 days 00:01:17.893000,28
1175,860,FP1,8,0 days 00:01:18.172000,25
1175,866,FP1,9,0 days 00:01:18.209000,28
1175,832,FP1,10,0 days 00:01:18.293000,27
1175,839,FP1,11,0 days 00:01:18.372000,27
1175,842,FP1,12,0 days 00:01:18.508000,23
1175,822,FP1,13,0 days 00:01:18.914000,23
1175,4,FP1,14,0 days 00:01:20.067000,23
1175,840,FP1,15,0 days 00:01:20.318000,21
1175,846,FP2,1,0 days 00:01:15.426000,30
1175,847,FP2,2,0 days 00:01:15.435000,28
1175,857,FP2,3,0 days 00:01:15.483000,24
1175,844,FP2,4,0 days 00:01:15.799000,29
1175,863,FP2,5,0 days 00:01:16.015000,31
1175,830,FP2,6,0 days 00:01:16.321000,33
1175,876,FP2,7,0 days 00:01:16.411000,29
1175,866,FP2,8,0 days 00:01:16.611000,27
1175,1,FP2,9,0 days 00:01:16.631000,28
1175,872,FP2,10,0 days 00:01:16.674000,30
1175,807,FP2,11,0 days 00:01:16.934000,31
1175,860,FP2,12,0 days 00:01:16.945000,31
1175,859,FP2,13,0 days 00:01:16.967000,8
1175,832,FP2,14,0 days 00:01:17.020000,29
1175,861,FP2,15,0 days 00:01:17.051000,30
1175,842,FP2,16,0 days 00:01:17.260000,29
1175,839,FP2,17,0 days 00:01:17.538000,29
1175,822,FP2,18,0 days 00:01:18.225000,6
1175,848,FP2,19,0 days 00:01:18.790000,29
1175,815,FP2,20,0 days 00:01:19.261000,34
1175,4,FP2,21,0 days 00:01:19.286000,21
1175,840,FP2,22,0 days 00:01:19.459000,20
1175,847,FP3,1,0 days 00:01:15.679000,11
1175,857,FP3,2,0 days 00:01:15.893000,12
1175,844,FP3,3,0 days 00:01:15.922000,17
1175,846,FP3,4,0 days 00:01:15.925000,15
1175,1,FP3,5,0 days 00:01:16.381000,16
1175,830,FP3,6,0 days 00:01:16.434000,12
1175,863,FP3,7,0 days 00:01:16.500000,12
1175,872,FP3,8,0 days 00:01:16.684000,15
1175,807,FP3,9,0 days 00:01:16.961000,22
1175,876,FP3,10,0 days 00:01:17.020000,16
1175,866,FP3,11,0 days 00:01:17.027000,13
1175,859,FP3,12,0 days 00:01:17.324000,15
1175,842,FP3,13,0 days 00:01:17.583000,15
1175,861,FP3,14,0 days 00:01:17.625000,14
1175,832,FP3,15,0 days 00:01:17.730000,19
1175,839,FP3,16,0 days 00:01:18.040000,15
1175,860,FP3,17,0 days 00:01:18.391000,13
1175,848,FP3,18,0 days 00:01:18.412000,15
1175,815,FP3,19,0 days 00:01:18.691000,21
1175,4,FP3,20,0 days 00:01:19.496000,18
1175,822,FP3,21,0 days 00:01:19.962000,14
1175,840,FP3,22,0 days 00:01:20.103000,17
1176,863,FP1,1,0 days 00:01:07.796000,29
1176,847,FP1,2,0 days 00:01:07.836000,30
1176,857,FP1,3,0 days 00:01:07.913000,25
1176,830,FP1,4,0 days 00:01:08.077000,17
1176,1,FP1,5,0 days 00:01:08.461000,25
1176,876,FP1,6,0 days 00:01:08.726000,18
1176,846,FP1,7,0 days 00:01:08.873000,9
1176,861,FP1,8,0 days 00:01:08.962000,27
1176,860,FP1,9,0 days 00:01:09.071000,26
1176,807,FP1,10,0 days 00:01:09.165000,30
1176,872,FP1,11,0 days 00:01:09.481000,11
1176,822,FP1,12,0 days 00:01:09.521000,21
1176,842,FP1,13,0 days 00:01:09.546000,28
1176,848,FP1,14,0 days 00:01:09.644000,30
1176,815,FP1,15,0 days 00:01:11.283000,14
1176,4,FP1,16,0 days 00:01:11.333000,21
1176,863,FP2,1,0 days 00:01:07.014000,32
1176,857,FP2,2,0 days 00:01:07.251000,32
1176,846,FP2,3,0 days 00:01:07.339000,32
1176,830,FP2,4,0 days 00:01:07.564000,29
1176,1,FP2,5,0 days 00:01:07.611000,33
1176,847,FP2,6,0 days 00:01:07.637000,25
1176,872,FP2,7,0 days 00:01:07.758000,28
1176,844,FP2,8,0 days 00:01:07.855000,35
1176,859,FP2,9,0 days 00:01:08.235000,34
1176,866,FP2,10,0 days 00:01:08.300000,30
1176,842,FP2,11,0 days 00:01:08.376000,33
1176,876,FP2,12,0 days 00:01:08.378000,29
1176,860,FP2,13,0 days 00:01:08.532000,33
1176,807,FP2,14,0 days 00:01:08.559000,32
1176,839,FP2,15,0 days 00:01:08.830000,33
1176,861,FP2,16,0 days 00:01:08.831000,30
1176,848,FP2,17,0 days 00:01:08.838000,34
1176,832,FP2,18,0 days 00:01:09.131000,30
1176,4,FP2,19,0 days 00:01:10.544000,27
1176,840,FP2,20,0 days 00:01:10.698000,32
1176,822,FP2,21,0 days 00:01:11.307000,6
1176,847,FP3,1,0 days 00:01:07.096000,19
1176,863,FP3,2,0 days 00:01:07.134000,17
1176,1,FP3,3,0 days 00:01:07.211000,22
1176,857,FP3,4,0 days 00:01:07.344000,17
1176,846,FP3,5,0 days 00:01:07.360000,20
1176,830,FP3,6,0 days 00:01:07.369000,16
1176,844,FP3,7,0 days 00:01:07.452000,24
1176,872,FP3,8,0 days 00:01:07.912000,27
1176,859,FP3,9,0 days 00:01:08.031000,21
1176,876,FP3,10,0 days 00:01:08.109000,24
1176,842,FP3,11,0 days 00:01:08.193000,16
1176,807,FP3,12,0 days 00:01:08.303000,22
1176,866,FP3,13,0 days 00:01:08.311000,22
1176,861,FP3,14,0 days 00:01:08.394000,18
1176,860,FP3,15,0 days 00:01:08.529000,19
1176,839,FP3,16,0 days 00:01:08.707000,15
1176,832,FP3,17,0 days 00:01:08.843000,27
1176,848,FP3,18,0 days 00:01:08.992000,25
1176,815,FP3,19,0 days 00:01:09.532000,29
1176,822,FP3,20,0 days 00:01:09.740000,24
1176,4,FP3,21,0 days 00:01:10.421000,21
1176,840,FP3,22,0 days 00:01:10.567000,19
1177,1,FP1,1,0 days 00:01:29.260000,32
1177,863,FP1,2,0 days 00:01:29.473000,29
1177,844,FP1,3,0 days 00:01:29.859000,31
1177,847,FP1,4,0 days 00:01:29.938000,31
1177,857,FP1,5,0 days 00:01:30.147000,25
1177,830,FP1,6,0 days 00:01:30.240000,27
1177,846,FP1,7,0 days 00:01:30.288000,27
1177,872,FP1,8,0 days 00:01:30.338000,28
1177,807,FP1,9,0 days 00:01:30.743000,29
1177,859,FP1,10,0 days 00:01:30.850000,28
1177,861,FP1,11,0 days 00:01:30.966000,28
1177,866,FP1,12,0 days 00:01:31.035000,28
1177,876,FP1,13,0 days 00:01:31.339000,32
1177,860,FP1,14,0 days 00:01:31.373000,27
1177,839,FP1,15,0 days 00:01:31.684000,27
1177,832,FP1,16,0 days 00:01:31.684000,33
1177,848,FP1,17,0 days 00:01:31.697000,30
1177,822,FP1,18,0 days 00:01:32.150000,22
1177,842,FP1,19,0 days 00:01:32.195000,25
1177,815,FP1,20,0 days 00:01:32.241000,23
1177,4,FP1,21,0 days 00:01:32.957000,25
1177,840,FP1,22,0 days 00:01:33.130000,26
1178,830,FP1,1,0 days 00:01:47.070000,24
1178,1,FP1,2,0 days 00:01:47.215000,22
1178,844,FP1,3,0 days 00:01:47.277000,22
1178,872,FP1,4,0 days 00:01:47.322000,23
1178,857,FP1,5,0 days 00:01:47.522000,21
1178,863,FP1,6,0 days 00:01:47.603000,23
1178,846,FP1,7,0 days 00:01:47.931000,19
1178,847,FP1,8,0 days 00:01:47.959000,22
1178,876,FP1,9,0 days 00:01:48.234000,24
1178,866,FP1,10,0 days 00:01:48.406000,18
1178,859,FP1,11,0 days 00:01:48.432000,24
1178,807,FP1,12,0 days 00:01:48.962000,23
1178,860,FP1,13,0 days 00:01:49.010000,21
1178,848,FP1,14,0 days 00:01:49.337000,24
1178,861,FP1,15,0 days 00:01:49.403000,23
1178,839,FP1,16,0 days 00:01:49.449000,21
1178,842,FP1,17,0 days 00:01:49.712000,23
1178,822,FP1,18,0 days 00:01:49.839000,21
1178,815,FP1,19,0 days 00:01:50.226000,22
1178,832,FP1,20,0 days 00:01:50.862000,25
1178,840,FP1,21,0 days 00:01:52.808000,19
1178,863,FP2,1,0 days 00:01:45.944000,18
1178,846,FP2,2,0 days 00:01:46.134000,18
1178,830,FP2,3,0 days 00:01:46.416000,21
1178,1,FP2,4,0 days 00:01:46.691000,16
1178,872,FP2,5,0 days 00:01:46.714000,20
1178,857,FP2,6,0 days 00:01:46.926000,11
1178,844,FP2,7,0 days 00:01:47.035000,18
1178,861,FP2,8,0 days 00:01:47.147000,20
1178,847,FP2,9,0 days 00:01:47.229000,20
1178,876,FP2,10,0 days 00:01:47.294000,20
1178,842,FP2,11,0 days 00:01:47.360000,15
1178,859,FP2,12,0 days 00:01:47.434000,16
1178,860,FP2,13,0 days 00:01:47.792000,16
1178,866,FP2,14,0 days 00:01:47.952000,17
1178,839,FP2,15,0 days 00:01:47.958000,19
1178,848,FP2,16,0 days 00:01:48.019000,19
1178,832,FP2,17,0 days 00:01:48.256000,19
1178,807,FP2,18,0 days 00:01:48.333000,16
1178,822,FP2,19,0 days 00:01:49.199000,19
1178,815,FP2,20,0 days 00:01:49.596000,20
1178,840,FP2,21,0 days 00:01:51.131000,17
1178,4,FP2,22,0 days 00:01:51.418000,19
1178,863,FP3,1,0 days 00:01:45.990000,13
1178,846,FP3,2,0 days 00:01:46.129000,21
1178,830,FP3,3,0 days 00:01:46.138000,14
1178,847,FP3,4,0 days 00:01:46.357000,12
1178,1,FP3,5,0 days 00:01:46.382000,17
1178,844,FP3,6,0 days 00:01:46.750000,17
1178,857,FP3,7,0 days 00:01:46.785000,20
1178,807,FP3,8,0 days 00:01:46.924000,20
1178,866,FP3,9,0 days 00:01:47.049000,18
1178,872,FP3,10,0 days 00:01:47.096000,19
1178,876,FP3,11,0 days 00:01:47.176000,23
1178,859,FP3,12,0 days 00:01:47.294000,23
1178,861,FP3,13,0 days 00:01:47.904000,20
1178,860,FP3,14,0 days 00:01:47.920000,23
1178,842,FP3,15,0 days 00:01:47.949000,21
1178,848,FP3,16,0 days 00:01:47.990000,19
1178,822,FP3,17,0 days 00:01:48.644000,22
1178,832,FP3,18,0 days 00:01:48.692000,20
1178,839,FP3,19,0 days 00:01:48.730000,22
1178,815,FP3,20,0 days 00:01:48.990000,21
1178,4,FP3,21,0 days 00:01:50.155000,17
1178,840,FP3,22,0 days 00:01:50.631000,15
1179,844,FP1,1,0 days 00:01:19.075000,19
1179,830,FP1,2,0 days 00:01:19.559000,25
1179,1,FP1,3,0 days 00:01:19.618000,23
1179,872,FP1,4,0 days 00:01:19.997000,25
1179,847,FP1,5,0 days 00:01:20.066000,21
1179,866,FP1,6,0 days 00:01:20.360000,30
1179,807,FP1,7,0 days 00:01:20.623000,29
1179,876,FP1,8,0 days 00:01:20.760000,28
1179,859,FP1,9,0 days 00:01:20.866000,28
1179,846,FP1,10,0 days 00:01:21.024000,26
1179,839,FP1,11,0 days 00:01:21.051000,24
1179,4,FP1,12,0 days 00:01:21.550000,20
1179,842,FP1,13,0 days 00:01:21.704000,29
1179,848,FP1,14,0 days 00:01:21.819000,28
1179,815,FP1,15,0 days 00:01:22.089000,22
1179,840,FP1,16,0 days 00:01:23.471000,11
1179,832,FP1,17,0 days 00:01:23.734000,23
1179,1,FP2,1,0 days 00:01:18.729000,26
1179,844,FP2,2,0 days 00:01:18.877000,30
1179,846,FP2,3,0 days 00:01:19.228000,30
1179,830,FP2,4,0 days 00:01:19.421000,27
1179,847,FP2,5,0 days 00:01:19.662000,30
1179,872,FP2,6,0 days 00:01:19.800000,20
1179,859,FP2,7,0 days 00:01:20.041000,29
1179,857,FP2,8,0 days 00:01:20.101000,28
1179,807,FP2,9,0 days 00:01:20.125000,30
1179,876,FP2,10,0 days 00:01:20.253000,29
1179,866,FP2,11,0 days 00:01:20.474000,27
1179,839,FP2,12,0 days 00:01:20.557000,26
1179,863,FP2,13,0 days 00:01:20.693000,30
1179,842,FP2,14,0 days 00:01:20.816000,24
1179,860,FP2,15,0 days 00:01:20.950000,28
1179,848,FP2,16,0 days 00:01:20.973000,33
1179,4,FP2,17,0 days 00:01:21.348000,24
1179,832,FP2,18,0 days 00:01:21.426000,31
1179,822,FP2,19,0 days 00:01:21.442000,31
1179,815,FP2,20,0 days 00:01:21.792000,28
1179,861,FP2,21,0 days 00:01:22.105000,11
1179,846,FP3,1,0 days 00:01:17.939000,20
1179,1,FP3,2,0 days 00:01:18.056000,22
1179,863,FP3,3,0 days 00:01:18.068000,16
1179,844,FP3,4,0 days 00:01:18.291000,24
1179,857,FP3,5,0 days 00:01:18.438000,22
1179,847,FP3,6,0 days 00:01:18.541000,18
1179,830,FP3,7,0 days 00:01:18.656000,14
1179,872,FP3,8,0 days 00:01:18.943000,17
1179,859,FP3,9,0 days 00:01:19.088000,23
1179,807,FP3,10,0 days 00:01:19.160000,24
1179,866,FP3,11,0 days 00:01:19.338000,22
1179,842,FP3,12,0 days 00:01:19.723000,20
1179,876,FP3,13,0 days 00:01:19.895000,6
1179,861,FP3,14,0 days 00:01:20.055000,30
1179,839,FP3,15,0 days 00:01:20.295000,18
1179,860,FP3,16,0 days 00:01:20.312000,14
1179,4,FP3,17,0 days 00:01:20.393000,17
1179,848,FP3,18,0 days 00:01:20.623000,13
1179,832,FP3,19,0 days 00:01:20.660000,17
1179,840,FP3,20,0 days 00:01:20.933000,20
1179,822,FP3,21,0 days 00:01:21.299000,15
