raceId,driverId,stint,compound,startLap,endLap,lapsOnTire
1145,1,1,INTERMEDIATE,1,2,2
1145,1,2,INTERMEDIATE,3,3,1
1145,1,3,INTERMEDIATE,4,4,1
1145,1,4,INTERMEDIATE,5,33,29
1145,1,5,HARD,34,47,14
1145,1,6,INTERMEDIATE,48,57,10
1145,4,1,INTERMEDIATE,1,2,2
1145,4,2,INTERMEDIATE,3,3,1
1145,4,3,INTERMEDIATE,4,4,1
1145,4,4,INTERMEDIATE,5,33,29
1145,807,1,INTERMEDIATE,1,2,2
1145,807,2,INTERMEDIATE,3,3,1
1145,807,3,INTERMEDIATE,4,4,1
1145,807,4,INTERMEDIATE,5,33,29
1145,807,5,MEDIUM,34,44,11
1145,807,6,INTERMEDIATE,45,57,13
1145,830,1,INTERMEDIATE,1,2,2
1145,830,2,INTERMEDIATE,3,3,1
1145,830,3,INTERMEDIATE,4,4,1
1145,830,4,INTERMEDIATE,5,34,30
1145,830,5,MEDIUM,35,46,12
1145,830,6,INTERMEDIATE,47,57,11
1145,832,1,INTERMEDIATE,1,1,1
1145,839,1,INTERMEDIATE,1,2,2
1145,839,2,INTERMEDIATE,3,3,1
1145,839,3,INTERMEDIATE,4,4,1
1145,839,4,INTERMEDIATE,5,39,35
1145,839,5,MEDIUM,40,46,7
1145,839,6,INTERMEDIATE,47,57,11
1145,840,1,INTERMEDIATE,1,2,2
1145,840,2,INTERMEDIATE,3,3,1
1145,840,3,INTERMEDIATE,4,4,1
1145,840,4,INTERMEDIATE,5,33,29
1145,840,5,HARD,34,44,11
1145,840,6,INTERMEDIATE,45,57,13
1145,842,1,INTERMEDIATE,1,2,2
1145,842,2,INTERMEDIATE,3,3,1
1145,842,3,INTERMEDIATE,4,4,1
1145,842,4,INTERMEDIATE,5,33,29
1145,842,5,HARD,34,46,13
1145,842,6,INTERMEDIATE,47,57,11
1145,844,1,INTERMEDIATE,1,2,2
1145,844,2,INTERMEDIATE,3,3,1
1145,844,3,INTERMEDIATE,4,4,1
1145,844,4,INTERMEDIATE,5,34,30
1145,844,5,HARD,35,47,13
1145,844,6,INTERMEDIATE,48,57,10
1145,846,1,INTERMEDIATE,1,2,2
1145,846,2,INTERMEDIATE,3,3,1
1145,846,3,INTERMEDIATE,4,4,1
1145,846,4,INTERMEDIATE,5,34,30
1145,846,5,HARD,35,44,10
1145,846,6,INTERMEDIATE,45,57,13
1145,847,1,INTERMEDIATE,1,2,2
1145,847,2,INTERMEDIATE,3,3,1
1145,847,3,INTERMEDIATE,4,4,1
1145,847,4,INTERMEDIATE,5,34,30
1145,847,5,HARD,35,44,10
1145,847,6,INTERMEDIATE,45,57,13
1145,848,1,INTERMEDIATE,1,2,2
1145,848,2,INTERMEDIATE,3,3,1
1145,848,3,INTERMEDIATE,4,4,1
1145,848,4,INTERMEDIATE,5,33,29
1145,848,5,MEDIUM,34,44,11
1145,848,6,INTERMEDIATE,45,57,13
1145,852,1,INTERMEDIATE,1,2,2
1145,852,2,INTERMEDIATE,3,3,1
1145,852,3,INTERMEDIATE,4,4,1
1145,852,4,INTERMEDIATE,5,33,29
1145,852,5,MEDIUM,34,47,14
1145,852,6,INTERMEDIATE,48,57,10
1145,857,1,INTERMEDIATE,1,2,2
1145,857,2,INTERMEDIATE,3,3,1
1145,857,3,INTERMEDIATE,4,4,1
1145,857,4,INTERMEDIATE,5,34,30
1145,857,5,HARD,35,44,10
1145,857,6,INTERMEDIATE,45,57,13
1145,859,1,INTERMEDIATE,1,2,2
1145,859,2,INTERMEDIATE,3,3,1
1145,859,3,INTERMEDIATE,4,4,1
1145,859,4,INTERMEDIATE,5,33,29
1145,859,5,MEDIUM,34,47,14
1145,860,1,INTERMEDIATE,1,2,2
1145,860,2,INTERMEDIATE,3,3,1
1145,860,3,INTERMEDIATE,4,4,1
1145,860,4,INTERMEDIATE,5,39,35
1145,860,5,MEDIUM,40,44,5
1145,860,6,INTERMEDIATE,45,57,13
1145,862,1,INTERMEDIATE,1,1,1
1145,863,1,INTERMEDIATE,1,2,2
1145,863,2,INTERMEDIATE,3,3,1
1145,863,3,INTERMEDIATE,4,4,1
1145,863,4,INTERMEDIATE,5,33,29
1145,863,5,HARD,34,44,11
1145,863,6,INTERMEDIATE,45,57,13
1145,866,1,INTERMEDIATE,1,2,2
1145,866,2,INTERMEDIATE,3,3,1
1145,866,3,INTERMEDIATE,4,4,1
1145,866,4,INTERMEDIATE,5,33,29
1145,866,5,MEDIUM,34,44,11
1145,866,6,INTERMEDIATE,45,46,2
1145,872,1,INTERMEDIATE,1,1,1
1146,1,1,MEDIUM,1,13,13
1146,1,2,HARD,14,37,24
1146,1,3,HARD,38,56,19
1146,4,1,MEDIUM,1,4,4
1146,807,1,MEDIUM,1,20,20
1146,807,2,HARD,21,55,35
1146,830,1,MEDIUM,1,13,13
1146,830,2,HARD,14,56,43
1146,832,1,MEDIUM,1,17,17
1146,832,2,HARD,18,56,39
1146,839,1,MEDIUM,1,11,11
1146,839,2,HARD,12,56,45
1146,840,1,HARD,1,36,36
1146,840,2,MEDIUM,37,56,20
1146,842,1,MEDIUM,1,10,10
1146,842,2,HARD,11,56,46
1146,844,1,MEDIUM,1,15,15
1146,844,2,HARD,16,56,41
1146,846,1,MEDIUM,1,15,15
1146,846,2,HARD,16,56,41
1146,847,1,MEDIUM,1,14,14
1146,847,2,HARD,15,56,42
1146,848,1,MEDIUM,1,20,20
1146,848,2,HARD,21,56,36
1146,852,1,MEDIUM,1,11,11
1146,852,2,HARD,12,35,24
1146,852,3,HARD,36,46,11
1146,852,4,MEDIUM,47,55,9
1146,857,1,MEDIUM,1,14,14
1146,857,2,HARD,15,56,42
1146,859,1,HARD,1,18,18
1146,859,2,MEDIUM,19,30,12
1146,859,3,HARD,31,56,26
1146,860,1,HARD,1,26,26
1146,860,2,MEDIUM,27,56,30
1146,862,1,MEDIUM,1,11,11
1146,862,2,HARD,12,56,45
1146,863,1,MEDIUM,1,12,12
1146,863,2,HARD,13,56,44
1146,866,1,MEDIUM,1,1,1
1146,866,2,HARD,2,26,25
1146,866,3,HARD,27,55,29
1146,872,1,MEDIUM,1,12,12
1146,872,2,HARD,13,33,21
1146,872,3,HARD,34,56,23
1147,1,1,HARD,1,30,30
1147,1,2,MEDIUM,31,53,23
1147,4,1,MEDIUM,1,24,24
1147,4,2,HARD,25,53,29
1147,807,1,MEDIUM,1,22,22
1147,807,2,HARD,23,53,31
1147,830,1,MEDIUM,1,21,21
1147,830,2,HARD,22,53,32
1147,832,1,MEDIUM,1,33,33
1147,832,2,SOFT,34,53,20
1147,839,1,HARD,1,32,32
1147,839,2,MEDIUM,33,53,21
1147,840,1,SOFT,1,9,9
1147,840,2,HARD,10,30,21
1147,840,3,MEDIUM,31,52,22
1147,842,1,MEDIUM,1,24,24
1147,842,2,HARD,25,53,29
1147,844,1,MEDIUM,1,21,21
1147,844,2,HARD,22,53,32
1147,846,1,MEDIUM,1,21,21
1147,846,2,HARD,22,53,32
1147,847,1,MEDIUM,1,19,19
1147,847,2,HARD,20,53,34
1147,848,1,MEDIUM,1,24,24
1147,848,2,HARD,25,53,29
1147,852,1,MEDIUM,1,23,23
1147,852,2,HARD,24,53,30
1147,857,1,MEDIUM,1,20,20
1147,857,2,HARD,21,53,33
1147,859,1,MEDIUM,1,33,33
1147,859,2,SOFT,34,53,20
1147,860,1,MEDIUM,1,23,23
1147,860,2,HARD,24,53,30
1147,862,1,SOFT,1,15,15
1147,862,2,HARD,16,53,38
1147,863,1,MEDIUM,1,31,31
1147,863,2,HARD,32,53,22
1147,866,1,HARD,1,31,31
1147,866,2,MEDIUM,32,53,22
1147,872,1,MEDIUM,1,25,25
1147,872,2,HARD,26,53,28
1148,1,1,MEDIUM,1,17,17
1148,1,2,MEDIUM,18,32,15
1148,1,3,HARD,33,57,25
1148,4,1,MEDIUM,1,16,16
1148,4,2,MEDIUM,17,32,16
1148,4,3,HARD,33,57,25
1148,807,1,SOFT,1,5,5
1148,807,2,MEDIUM,6,27,22
1148,807,3,MEDIUM,28,57,30
1148,830,1,SOFT,1,10,10
1148,830,2,HARD,11,26,16
1148,830,3,MEDIUM,27,57,31
1148,832,1,SOFT,1,14,14
1148,832,2,MEDIUM,15,32,18
1148,832,3,HARD,33,44,12
1148,832,4,SOFT,45,45,1
1148,839,1,SOFT,1,8,8
1148,839,2,MEDIUM,9,27,19
1148,839,3,HARD,28,57,30
1148,840,1,SOFT,1,12,12
1148,840,2,MEDIUM,13,32,20
1148,840,3,HARD,33,57,25
1148,842,1,SOFT,1,10,10
1148,842,2,MEDIUM,11,28,18
1148,842,3,HARD,29,57,29
1148,844,1,MEDIUM,1,17,17
1148,844,2,MEDIUM,18,32,15
1148,844,3,HARD,33,57,25
1148,846,1,SOFT,1,10,10
1148,846,2,MEDIUM,11,32,22
1148,846,3,MEDIUM,33,57,25
1148,847,1,SOFT,1,13,13
1148,847,2,MEDIUM,14,32,19
1148,847,3,SOFT,33,57,25
1148,848,1,SOFT,1,16,16
1148,848,2,HARD,17,32,16
1148,848,3,MEDIUM,33,57,25
1148,852,1,SOFT,1,11,11
1148,852,2,MEDIUM,12,32,21
1148,852,3,SOFT,33,57,25
1148,857,1,SOFT,1,14,14
1148,857,2,MEDIUM,15,32,18
1148,857,3,MEDIUM,33,57,25
1148,859,1,MEDIUM,1,14,14
1148,859,2,HARD,15,32,18
1148,859,3,SOFT,33,57,25
1148,860,1,SOFT,1,14,14
1148,860,2,HARD,15,32,18
1148,860,3,SOFT,33,57,25
1148,862,1,SOFT,1,9,9
1148,862,2,MEDIUM,10,28,19
1148,862,3,HARD,29,57,29
1148,863,1,SOFT,1,12,12
1148,863,2,MEDIUM,13,27,15
1148,863,3,SOFT,28,32,5
1148,863,4,SOFT,33,57,25
1148,866,1,MEDIUM,1,13,13
1148,866,2,HARD,14,32,19
1148,866,3,MEDIUM,33,57,25
1148,872,1,SOFT,1,6,6
1148,872,2,MEDIUM,7,28,22
1148,872,3,HARD,29,57,29
1149,1,1,MEDIUM,1,23,23
1149,1,2,HARD,24,50,27
1149,4,1,MEDIUM,1,19,19
1149,4,2,HARD,20,50,31
1149,807,1,HARD,1,33,33
1149,807,2,MEDIUM,34,49,16
1149,830,1,MEDIUM,1,21,21
1149,830,2,HARD,22,50,29
1149,832,1,MEDIUM,1,21,21
1149,832,2,HARD,22,50,29
1149,839,1,MEDIUM,1,1,1
1149,839,2,HARD,2,50,49
1149,840,1,HARD,1,39,39
1149,840,2,MEDIUM,40,49,10
1149,842,1,MEDIUM,1,1,1
1149,844,1,MEDIUM,1,29,29
1149,844,2,HARD,30,50,21
1149,846,1,HARD,1,34,34
1149,846,2,MEDIUM,35,50,16
1149,847,1,MEDIUM,1,20,20
1149,847,2,HARD,21,50,30
1149,848,1,MEDIUM,1,22,22
1149,848,2,HARD,23,50,28
1149,852,1,MEDIUM,1,1,1
1149,857,1,MEDIUM,1,19,19
1149,857,2,HARD,20,50,31
1149,859,1,MEDIUM,1,20,20
1149,859,2,HARD,21,50,30
1149,860,1,MEDIUM,1,18,18
1149,860,2,HARD,19,50,32
1149,862,1,MEDIUM,1,1,1
1149,862,2,HARD,2,32,31
1149,862,3,HARD,33,49,17
1149,863,1,MEDIUM,1,19,19
1149,863,2,HARD,20,50,31
1149,866,1,MEDIUM,1,1,1
1149,866,2,HARD,2,49,48
1149,872,1,HARD,1,34,34
1149,872,2,MEDIUM,35,50,16
1150,1,1,HARD,24,32,9
1150,1,2,MEDIUM,33,57,25
1150,4,1,HARD,24,32,9
1150,4,2,MEDIUM,33,56,24
1150,807,1,HARD,24,36,13
1150,807,2,MEDIUM,37,56,20
1150,830,1,MEDIUM,25,32,8
1150,830,2,HARD,33,57,25
1150,832,1,MEDIUM,25,32,8
1150,832,2,HARD,33,57,25
1150,839,1,MEDIUM,1,23,23
1150,839,2,HARD,24,57,34
1150,840,1,MEDIUM,1,20,20
1150,840,2,HARD,21,56,36
1150,842,1,HARD,24,32,9
1150,842,2,MEDIUM,33,57,25
1150,844,1,MEDIUM,25,32,8
1150,844,2,HARD,33,57,25
1150,846,1,MEDIUM,25,32,8
1150,846,2,HARD,33,57,25
1150,847,1,HARD,25,32,8
1150,847,2,MEDIUM,33,57,25
1150,848,1,MEDIUM,25,32,8
1150,848,2,HARD,33,57,25
1150,852,1,MEDIUM,25,32,8
1150,852,2,HARD,33,57,25
1150,857,1,MEDIUM,25,32,8
1150,857,2,HARD,33,57,25
1150,859,1,HARD,24,31,8
1150,859,2,MEDIUM,32,36,5
1150,860,1,HARD,24,28,5
1150,862,1,MEDIUM,1,1,1
1150,863,1,MEDIUM,25,32,8
1150,863,2,HARD,33,57,25
1150,866,1,MEDIUM,1,19,19
1150,866,2,HARD,20,31,12
1150,872,1,MEDIUM,1,22,22
1150,872,2,HARD,23,57,35
1151,1,1,HARD,1,29,29
1151,1,2,MEDIUM,30,46,17
1151,1,3,HARD,47,63,17
1151,4,1,MEDIUM,1,12,12
1151,4,2,HARD,13,46,34
1151,4,3,MEDIUM,47,63,17
1151,807,1,HARD,1,29,29
1151,807,2,MEDIUM,30,63,34
1151,830,1,MEDIUM,1,29,29
1151,830,2,HARD,30,46,17
1151,830,3,HARD,47,63,17
1151,832,1,MEDIUM,1,11,11
1151,832,2,HARD,12,29,18
1151,832,3,HARD,30,63,34
1151,839,1,MEDIUM,1,1,1
1151,839,2,HARD,2,28,27
1151,840,1,MEDIUM,1,14,14
1151,840,2,HARD,15,46,32
1151,840,3,MEDIUM,47,63,17
1151,842,1,MEDIUM,1,9,9
1151,842,2,HARD,10,29,20
1151,842,3,HARD,30,63,34
1151,844,1,MEDIUM,1,10,10
1151,844,2,HARD,11,29,19
1151,844,3,HARD,30,63,34
1151,846,1,MEDIUM,1,28,28
1151,846,2,HARD,29,46,18
1151,846,3,HARD,47,63,17
1151,847,1,MEDIUM,1,11,11
1151,847,2,HARD,12,29,18
1151,847,3,HARD,30,63,34
1151,848,1,MEDIUM,1,29,29
1151,848,2,HARD,30,47,18
1151,848,3,HARD,48,63,16
1151,852,1,HARD,1,29,29
1151,852,2,MEDIUM,30,63,34
1151,857,1,MEDIUM,1,13,13
1151,857,2,HARD,14,30,17
1151,857,3,HARD,31,63,33
1151,859,1,MEDIUM,1,10,10
1151,859,2,HARD,11,29,19
1151,859,3,HARD,30,63,34
1151,860,1,HARD,1,29,29
1151,860,2,MEDIUM,30,31,2
1151,860,3,HARD,32,63,32
1151,861,1,MEDIUM,1,22,22
1151,861,2,HARD,23,46,24
1151,861,3,HARD,47,63,17
1151,863,1,HARD,1,29,29
1151,863,2,MEDIUM,30,45,16
1151,866,1,MEDIUM,1,12,12
1151,866,2,HARD,13,29,17
1151,866,3,HARD,30,46,17
1151,866,4,MEDIUM,47,63,17
1151,872,1,MEDIUM,1,29,29
1151,872,2,HARD,30,46,17
1151,872,3,HARD,47,63,17
1152,1,1,HARD,1,18,18
1152,1,2,HARD,19,56,38
1152,1,3,MEDIUM,57,78,22
1152,4,1,HARD,1,16,16
1152,4,2,HARD,17,37,21
1152,807,1,MEDIUM,1,12,12
1152,807,2,HARD,13,44,32
1152,807,3,SOFT,45,76,32
1152,830,1,HARD,1,28,28
1152,830,2,MEDIUM,29,77,49
1152,830,3,SOFT,78,78,1
1152,832,1,HARD,1,48,48
1152,832,2,MEDIUM,49,53,5
1152,832,3,MEDIUM,54,76,23
1152,839,1,MEDIUM,1,16,16
1152,839,2,MEDIUM,17,28,12
1152,839,3,HARD,29,77,49
1152,840,1,HARD,1,17,17
1152,840,2,HARD,18,64,47
1152,840,3,MEDIUM,65,76,12
1152,842,1,MEDIUM,1,1,1
1152,842,2,MEDIUM,2,8,7
1152,844,1,MEDIUM,1,22,22
1152,844,2,HARD,23,49,27
1152,844,3,MEDIUM,50,78,29
1152,846,1,MEDIUM,1,19,19
1152,846,2,HARD,20,50,31
1152,846,3,HARD,51,78,28
1152,847,1,HARD,1,53,53
1152,847,2,MEDIUM,54,68,15
1152,847,3,HARD,69,76,8
1152,848,1,MEDIUM,1,32,32
1152,848,2,MEDIUM,33,40,8
1152,848,3,HARD,41,76,36
1152,852,1,SOFT,1,1,1
1152,852,2,HARD,2,73,72
1152,852,3,MEDIUM,74,76,3
1152,857,1,MEDIUM,1,20,20
1152,857,2,HARD,21,48,28
1152,857,3,HARD,49,78,30
1152,859,1,MEDIUM,1,31,31
1152,859,2,SOFT,32,40,9
1152,859,3,HARD,41,77,37
1152,860,1,MEDIUM,1,1,1
1152,860,2,HARD,2,17,16
1152,860,3,MEDIUM,18,76,59
1152,861,1,HARD,1,13,13
1152,861,2,MEDIUM,14,26,13
1152,861,3,MEDIUM,27,76,50
1152,863,1,HARD,1,69,69
1152,863,2,MEDIUM,70,71,2
1152,863,3,HARD,72,75,4
1152,866,1,MEDIUM,1,1,1
1152,866,2,HARD,2,26,25
1152,866,3,SOFT,27,35,9
1152,866,4,MEDIUM,36,76,41
1152,872,1,MEDIUM,1,14,14
1152,872,2,SOFT,15,19,5
1152,872,3,HARD,20,77,58
1153,1,1,SOFT,1,16,16
1153,1,2,MEDIUM,17,46,30
1153,1,3,SOFT,47,55,9
1153,1,4,SOFT,56,66,11
1153,4,1,SOFT,1,15,15
1153,4,2,MEDIUM,16,42,27
1153,4,3,SOFT,43,54,12
1153,4,4,SOFT,55,66,12
1153,807,1,SOFT,1,9,9
1153,807,2,MEDIUM,10,45,36
1153,807,3,SOFT,46,56,11
1153,807,4,SOFT,57,66,10
1153,830,1,SOFT,1,13,13
1153,830,2,SOFT,14,29,16
1153,830,3,MEDIUM,30,47,18
1153,830,4,SOFT,48,55,8
1153,830,5,HARD,56,66,11
1153,832,1,SOFT,1,9,9
1153,832,2,SOFT,10,34,25
1153,832,3,MEDIUM,35,55,21
1153,832,4,SOFT,56,66,11
1153,839,1,SOFT,1,20,20
1153,839,2,MEDIUM,21,43,23
1153,839,3,MEDIUM,44,66,23
1153,842,1,SOFT,1,10,10
1153,842,2,SOFT,11,31,21
1153,842,3,MEDIUM,32,55,24
1153,842,4,SOFT,56,66,11
1153,844,1,SOFT,1,17,17
1153,844,2,MEDIUM,18,40,23
1153,844,3,MEDIUM,41,55,15
1153,844,4,SOFT,56,66,11
1153,846,1,SOFT,1,21,21
1153,846,2,MEDIUM,22,48,27
1153,846,3,SOFT,49,55,7
1153,846,4,SOFT,56,66,11
1153,847,1,SOFT,1,20,20
1153,847,2,MEDIUM,21,41,21
1153,847,3,SOFT,42,55,14
1153,847,4,SOFT,56,66,11
1153,848,1,SOFT,1,6,6
1153,848,2,SOFT,7,26,20
1153,848,3,SOFT,27,27,1
1153,852,1,MEDIUM,1,8,8
1153,852,2,SOFT,9,24,16
1153,852,3,SOFT,25,44,20
1153,852,4,SOFT,45,54,10
1153,852,5,SOFT,55,66,12
1153,857,1,SOFT,1,22,22
1153,857,2,MEDIUM,23,49,27
1153,857,3,SOFT,50,55,6
1153,857,4,SOFT,56,66,11
1153,859,1,SOFT,1,18,18
1153,859,2,MEDIUM,19,44,26
1153,859,3,SOFT,45,66,22
1153,860,1,SOFT,1,8,8
1153,860,2,MEDIUM,9,35,27
1153,860,3,MEDIUM,36,54,19
1153,860,4,SOFT,55,66,12
1153,861,1,SOFT,1,14,14
1153,861,2,MEDIUM,15,39,25
1153,861,3,SOFT,40,54,15
1153,861,4,SOFT,55,66,12
1153,863,1,SOFT,1,21,21
1153,863,2,MEDIUM,22,49,28
1153,863,3,SOFT,50,54,5
1153,866,1,SOFT,1,19,19
1153,866,2,MEDIUM,20,49,30
1153,866,3,SOFT,50,66,17
1153,872,1,SOFT,1,19,19
1153,872,2,MEDIUM,20,48,29
1153,872,3,SOFT,49,55,7
1153,872,4,SOFT,56,66,11
1154,1,1,MEDIUM,1,15,15
1154,1,2,HARD,16,45,30
1154,1,3,HARD,46,67,22
1154,1,4,HARD,68,68,1
1154,1,5,HARD,69,69,1
1154,1,6,HARD,70,70,1
1154,4,1,MEDIUM,1,15,15
1154,4,2,HARD,16,50,35
1154,4,3,HARD,51,66,16
1154,4,4,HARD,67,67,1
1154,4,5,HARD,68,68,1
1154,4,6,HARD,69,69,1
1154,4,7,HARD,70,70,1
1154,807,1,MEDIUM,1,19,19
1154,807,2,HARD,20,66,47
1154,807,3,HARD,67,67,1
1154,807,4,HARD,68,68,1
1154,807,5,HARD,69,69,1
1154,807,6,HARD,70,70,1
1154,830,1,MEDIUM,1,12,12
1154,830,2,HARD,13,37,25
1154,830,3,HARD,38,67,30
1154,830,4,HARD,68,68,1
1154,830,5,HARD,69,69,1
1154,830,6,HARD,70,70,1
1154,832,1,HARD,1,57,57
1154,832,2,MEDIUM,58,66,9
1154,832,3,MEDIUM,67,67,1
1154,832,4,MEDIUM,68,68,1
1154,832,5,MEDIUM,69,69,1
1154,839,1,HARD,1,57,57
1154,839,2,MEDIUM,58,66,9
1154,839,3,MEDIUM,67,67,1
1154,839,4,MEDIUM,68,68,1
1154,839,5,MEDIUM,69,69,1
1154,840,1,HARD,1,24,24
1154,840,2,HARD,25,51,27
1154,840,3,MEDIUM,52,66,15
1154,840,4,SOFT,67,67,1
1154,840,5,SOFT,68,68,1
1154,840,6,SOFT,69,69,1
1154,842,1,HARD,1,53,53
1154,842,2,MEDIUM,54,66,13
1154,842,3,MEDIUM,67,67,1
1154,842,4,MEDIUM,68,68,1
1154,842,5,MEDIUM,69,69,1
1154,844,1,HARD,1,28,28
1154,844,2,HARD,29,53,25
1154,844,3,MEDIUM,54,67,14
1154,844,4,MEDIUM,68,68,1
1154,844,5,MEDIUM,69,69,1
1154,844,6,MEDIUM,70,70,1
1154,846,1,HARD,1,29,29
1154,846,2,MEDIUM,30,47,18
1154,846,3,HARD,48,67,20
1154,847,1,MEDIUM,1,13,13
1154,847,2,HARD,14,42,29
1154,847,3,HARD,43,67,25
1154,847,4,HARD,68,68,1
1154,847,5,HARD,69,69,1
1154,847,6,HARD,70,70,1
1154,848,1,MEDIUM,1,23,23
1154,848,2,HARD,24,47,24
1154,852,1,HARD,1,56,56
1154,852,2,MEDIUM,57,66,10
1154,852,3,MEDIUM,67,67,1
1154,852,4,MEDIUM,68,68,1
1154,852,5,MEDIUM,69,69,1
1154,857,1,MEDIUM,1,16,16
1154,857,2,HARD,17,45,29
1154,857,3,HARD,46,67,22
1154,857,4,SOFT,68,68,1
1154,857,5,SOFT,69,69,1
1154,857,6,SOFT,70,70,1
1154,859,1,HARD,1,38,38
1154,859,2,MEDIUM,39,54,16
1154,860,1,MEDIUM,1,18,18
1154,860,2,HARD,19,66,48
1154,860,3,SOFT,67,67,1
1154,860,4,SOFT,68,68,1
1154,860,5,SOFT,69,69,1
1154,861,1,MEDIUM,1,14,14
1154,861,2,HARD,15,66,52
1154,861,3,HARD,67,67,1
1154,861,4,HARD,68,68,1
1154,861,5,HARD,69,69,1
1154,863,1,MEDIUM,1,14,14
1154,863,2,HARD,15,38,24
1154,863,3,HARD,39,67,29
1154,863,4,HARD,68,68,1
1154,863,5,HARD,69,69,1
1154,863,6,HARD,70,70,1
1154,866,1,HARD,1,49,49
1154,866,2,MEDIUM,50,66,17
1154,866,3,MEDIUM,67,67,1
1154,866,4,MEDIUM,68,68,1
1154,866,5,MEDIUM,69,69,1
1154,872,1,MEDIUM,1,13,13
1154,872,2,HARD,14,66,53
1154,872,3,SOFT,67,67,1
1154,872,4,SOFT,68,68,1
1154,872,5,SOFT,69,69,1
1155,1,1,MEDIUM,1,26,26
1155,1,2,HARD,27,50,24
1155,1,3,MEDIUM,51,70,20
1155,4,1,MEDIUM,1,33,33
1155,4,2,HARD,34,69,36
1155,807,1,SOFT,1,12,12
1155,807,2,MEDIUM,13,42,30
1155,807,3,MEDIUM,43,69,27
1155,830,1,MEDIUM,1,1,1
1155,839,1,MEDIUM,1,19,19
1155,839,2,HARD,20,50,31
1155,839,3,HARD,51,69,19
1155,840,1,MEDIUM,1,26,26
1155,840,2,HARD,27,53,27
1155,840,3,SOFT,54,69,16
1155,842,1,SOFT,1,12,12
1155,842,2,HARD,13,38,26
1155,842,3,MEDIUM,39,69,31
1155,844,1,MEDIUM,1,25,25
1155,844,2,HARD,26,49,24
1155,844,3,MEDIUM,50,70,21
1155,846,1,MEDIUM,1,20,20
1155,846,2,HARD,21,52,32
1155,846,3,MEDIUM,53,70,18
1155,847,1,MEDIUM,1,18,18
1155,847,2,MEDIUM,19,45,27
1155,847,3,HARD,46,70,25
1155,848,1,MEDIUM,1,13,13
1155,848,2,MEDIUM,14,15,2
1155,852,1,MEDIUM,1,18,18
1155,852,2,HARD,19,30,12
1155,852,3,MEDIUM,31,60,30
1155,852,4,SOFT,61,68,8
1155,857,1,MEDIUM,1,24,24
1155,857,2,HARD,25,53,29
1155,857,3,MEDIUM,54,70,17
1155,859,1,MEDIUM,1,32,32
1155,859,2,HARD,33,70,38
1155,860,1,SOFT,1,11,11
1155,860,2,HARD,12,39,28
1155,860,3,MEDIUM,40,69,30
1155,861,1,SOFT,1,13,13
1155,861,2,MEDIUM,14,39,26
1155,861,3,HARD,40,69,30
1155,863,1,MEDIUM,1,1,1
1155,866,1,MEDIUM,1,21,21
1155,866,2,MEDIUM,22,49,28
1155,866,3,HARD,50,69,20
1155,872,1,SOFT,1,2,2
1155,872,2,MEDIUM,3,28,26
1155,872,3,HARD,29,69,41
1156,1,1,INTERMEDIATE,1,11,11
1156,1,2,INTERMEDIATE,12,41,30
1156,1,3,SOFT,42,52,11
1156,4,1,INTERMEDIATE,1,11,11
1156,4,2,INTERMEDIATE,12,37,26
1156,4,3,MEDIUM,38,52,15
1156,807,1,INTERMEDIATE,1,9,9
1156,807,2,INTERMEDIATE,10,42,33
1156,807,3,MEDIUM,43,52,10
1156,830,1,INTERMEDIATE,1,11,11
1156,830,2,INTERMEDIATE,12,41,30
1156,830,3,MEDIUM,42,52,11
1156,832,1,INTERMEDIATE,1,11,11
1156,832,2,INTERMEDIATE,12,41,30
1156,832,3,MEDIUM,42,52,11
1156,839,1,INTERMEDIATE,1,18,18
1156,839,2,INTERMEDIATE,19,42,24
1156,839,3,MEDIUM,43,52,10
1156,840,1,INTERMEDIATE,1,6,6
1156,840,2,SOFT,7,10,4
1156,840,3,INTERMEDIATE,11,41,31
1156,840,4,SOFT,42,52,11
1156,842,1,INTERMEDIATE,1,11,11
1156,842,2,INTERMEDIATE,12,41,30
1156,842,3,MEDIUM,42,52,11
1156,844,1,MEDIUM,1,10,10
1156,844,2,INTERMEDIATE,11,42,32
1156,844,3,SOFT,43,52,10
1156,846,1,INTERMEDIATE,1,11,11
1156,846,2,INTERMEDIATE,12,44,33
1156,846,3,MEDIUM,45,52,8
1156,847,1,HARD,1,10,10
1156,847,2,INTERMEDIATE,11,38,28
1156,847,3,HARD,39,52,14
1156,848,1,INTERMEDIATE,1,12,12
1156,848,2,INTERMEDIATE,13,42,30
1156,848,3,MEDIUM,43,52,10
1156,852,1,INTERMEDIATE,1,11,11
1156,852,2,INTERMEDIATE,12,41,30
1156,852,3,MEDIUM,42,51,10
1156,857,1,INTERMEDIATE,1,11,11
1156,857,2,INTERMEDIATE,12,43,32
1156,857,3,MEDIUM,44,52,9
1156,859,1,INTERMEDIATE,1,1,1
1156,860,1,HARD,1,10,10
1156,860,2,INTERMEDIATE,11,41,31
1156,860,3,MEDIUM,42,52,11
1156,863,1,INTERMEDIATE,1,2,2
1156,863,2,HARD,3,9,7
1156,863,3,INTERMEDIATE,10,20,11
1156,863,4,INTERMEDIATE,21,23,3
1156,866,1,MEDIUM,1,4,4
1156,872,1,MEDIUM,1,10,10
1156,872,2,INTERMEDIATE,11,18,8
1157,1,1,INTERMEDIATE,1,11,11
1157,1,2,MEDIUM,12,44,33
1157,4,1,INTERMEDIATE,1,11,11
1157,4,2,MEDIUM,12,29,18
1157,4,3,\N,30,44,15
1157,807,1,INTERMEDIATE,1,11,11
1157,807,2,MEDIUM,12,32,21
1157,807,3,\N,33,44,12
1157,830,1,INTERMEDIATE,1,12,12
1157,830,2,MEDIUM,13,44,32
1157,832,1,INTERMEDIATE,1,12,12
1157,832,2,MEDIUM,13,26,14
1157,832,3,HARD,27,44,18
1157,839,1,INTERMEDIATE,1,13,13
1157,839,2,MEDIUM,14,44,31
1157,840,1,INTERMEDIATE,1,12,12
1157,840,2,MEDIUM,13,44,32
1157,842,1,INTERMEDIATE,1,11,11
1157,842,2,MEDIUM,12,44,33
1157,844,1,INTERMEDIATE,1,12,12
1157,844,2,MEDIUM,13,44,32
1157,846,1,INTERMEDIATE,1,13,13
1157,846,2,HARD,14,44,31
1157,847,1,INTERMEDIATE,1,12,12
1157,847,2,MEDIUM,13,44,32
1157,848,1,INTERMEDIATE,1,12,12
1157,848,2,MEDIUM,13,44,32
1157,852,1,INTERMEDIATE,1,13,13
1157,852,2,MEDIUM,14,44,31
1157,857,1,INTERMEDIATE,1,12,12
1157,857,2,MEDIUM,13,44,32
1157,859,1,INTERMEDIATE,1,12,12
1157,859,2,MEDIUM,13,44,32
1157,860,1,INTERMEDIATE,1,12,12
1157,860,2,MEDIUM,13,44,32
1157,861,1,INTERMEDIATE,1,12,12
1157,861,2,MEDIUM,13,28,16
1157,861,3,\N,29,44,16
1157,863,1,INTERMEDIATE,1,12,12
1157,863,2,MEDIUM,13,30,18
1157,863,3,\N,31,44,14
1157,866,1,INTERMEDIATE,1,12,12
1157,866,2,MEDIUM,13,44,32
1157,872,1,INTERMEDIATE,1,13,13
1157,872,2,MEDIUM,14,20,7
1157,872,3,HARD,21,43,23
1158,1,1,HARD,1,42,42
1158,1,2,MEDIUM,43,69,27
1158,4,1,MEDIUM,1,39,39
1158,4,2,HARD,40,70,31
1158,807,1,SOFT,1,5,5
1158,807,2,MEDIUM,6,41,36
1158,807,3,MEDIUM,42,69,28
1158,830,1,MEDIUM,1,17,17
1158,830,2,HARD,18,48,31
1158,830,3,HARD,49,70,22
1158,832,1,SOFT,1,15,15
1158,832,2,HARD,16,51,36
1158,832,3,MEDIUM,52,69,18
1158,839,1,MEDIUM,1,14,14
1158,839,2,HARD,15,69,55
1158,840,1,MEDIUM,1,36,36
1158,840,2,HARD,37,70,34
1158,842,1,HARD,1,32,32
1158,842,2,MEDIUM,33,69,37
1158,844,1,MEDIUM,1,19,19
1158,844,2,HARD,20,40,21
1158,844,3,HARD,41,70,30
1158,846,1,MEDIUM,1,31,31
1158,846,2,HARD,32,70,39
1158,847,1,MEDIUM,1,19,19
1158,847,2,HARD,20,43,24
1158,847,3,HARD,44,70,27
1158,848,1,SOFT,1,14,14
1158,848,2,MEDIUM,15,38,24
1158,848,3,HARD,39,69,31
1158,852,1,MEDIUM,1,20,20
1158,852,2,SOFT,21,37,17
1158,852,3,HARD,38,69,32
1158,857,1,MEDIUM,1,18,18
1158,857,2,HARD,19,45,27
1158,857,3,HARD,46,70,25
1158,859,1,MEDIUM,1,40,40
1158,859,2,HARD,41,70,30
1158,860,1,MEDIUM,1,30,30
1158,860,2,HARD,31,48,18
1158,861,1,MEDIUM,1,13,13
1158,861,2,HARD,14,35,22
1158,861,3,HARD,36,69,34
1158,863,1,MEDIUM,1,21,21
1158,863,2,HARD,22,69,48
1158,866,1,MEDIUM,1,40,40
1158,866,2,HARD,41,70,30
1158,872,1,MEDIUM,1,33,33
1158,872,2,HARD,34,69,36
1159,1,1,MEDIUM,1,23,23
1159,4,1,MEDIUM,1,18,18
1159,4,2,HARD,19,40,22
1159,4,3,HARD,41,72,32
1159,807,1,SOFT,1,19,19
1159,807,2,HARD,20,53,34
1159,807,3,MEDIUM,54,72,19
1159,830,1,SOFT,1,23,23
1159,830,2,MEDIUM,24,53,30
1159,830,3,SOFT,54,72,19
1159,832,1,MEDIUM,1,23,23
1159,832,2,HARD,24,27,4
1159,832,3,SOFT,28,51,24
1159,832,4,SOFT,52,65,14
1159,832,5,SOFT,66,72,7
1159,839,1,HARD,1,52,52
1159,839,2,MEDIUM,53,72,20
1159,840,1,MEDIUM,1,8,8
1159,840,2,HARD,9,52,44
1159,840,3,HARD,53,72,20
1159,842,1,MEDIUM,1,23,23
1159,842,2,HARD,24,72,49
1159,844,1,MEDIUM,1,22,22
1159,844,2,HARD,23,52,30
1159,846,1,MEDIUM,1,23,23
1159,846,2,HARD,24,53,30
1159,846,3,HARD,54,65,12
1159,847,1,MEDIUM,1,23,23
1159,847,2,HARD,24,53,30
1159,847,3,SOFT,54,72,19
1159,848,1,MEDIUM,1,23,23
1159,848,2,HARD,24,53,30
1159,848,3,SOFT,54,72,19
1159,852,1,SOFT,1,19,19
1159,852,2,HARD,20,53,34
1159,852,3,SOFT,54,72,19
1159,857,1,MEDIUM,1,23,23
1159,857,2,HARD,24,53,30
1159,857,3,HARD,54,72,19
1159,859,1,MEDIUM,1,23,23
1159,859,2,HARD,24,27,4
1159,859,3,SOFT,28,52,25
1159,859,4,SOFT,53,72,20
1159,860,1,HARD,1,53,53
1159,860,2,MEDIUM,54,72,19
1159,861,1,SOFT,1,19,19
1159,861,2,HARD,20,53,34
1159,861,3,MEDIUM,54,65,12
1159,861,4,SOFT,66,72,7
1159,863,1,MEDIUM,1,23,23
1159,863,2,HARD,24,51,28
1159,863,3,SOFT,52,53,2
1159,863,4,SOFT,54,72,19
1159,866,1,MEDIUM,1,22,22
1159,866,2,HARD,23,60,38
1159,866,3,SOFT,61,72,12
1159,872,1,MEDIUM,1,23,23
1159,872,2,HARD,24,53,30
1159,872,3,SOFT,54,72,19
1160,1,1,MEDIUM,1,38,38
1160,1,2,HARD,39,53,15
1160,4,1,MEDIUM,1,20,20
1160,4,2,HARD,21,24,4
1160,830,1,MEDIUM,1,37,37
1160,830,2,HARD,38,53,16
1160,832,1,MEDIUM,1,30,30
1160,832,2,HARD,31,53,23
1160,839,1,HARD,1,51,51
1160,839,2,SOFT,52,52,1
1160,840,1,HARD,1,49,49
1160,840,2,SOFT,50,52,3
1160,842,1,HARD,1,49,49
1160,842,2,SOFT,50,52,3
1160,844,1,MEDIUM,1,33,33
1160,844,2,HARD,34,53,20
1160,846,1,MEDIUM,1,46,46
1160,846,2,SOFT,47,53,7
1160,847,1,MEDIUM,1,27,27
1160,847,2,HARD,28,53,26
1160,848,1,HARD,1,41,41
1160,848,2,MEDIUM,42,53,12
1160,852,1,MEDIUM,1,19,19
1160,852,2,HARD,20,53,34
1160,857,1,MEDIUM,1,45,45
1160,857,2,SOFT,46,53,8
1160,859,1,SOFT,1,9,9
1160,859,2,HARD,10,53,44
1160,860,1,MEDIUM,1,18,18
1160,860,2,HARD,19,53,35
1160,861,1,MEDIUM,1,33,33
1160,861,2,HARD,34,52,19
1160,863,1,MEDIUM,1,28,28
1160,863,2,HARD,29,53,25
1160,866,1,MEDIUM,1,20,20
1160,866,2,HARD,21,53,33
1160,872,1,HARD,1,32,32
1160,872,2,MEDIUM,33,53,21
1161,1,1,HARD,1,36,36
1161,1,2,MEDIUM,37,51,15
1161,4,1,MEDIUM,1,21,21
1161,4,2,HARD,22,51,30
1161,807,1,HARD,1,36,36
1161,807,2,MEDIUM,37,51,15
1161,830,1,HARD,1,40,40
1161,830,2,MEDIUM,41,51,11
1161,832,1,MEDIUM,1,27,27
1161,832,2,HARD,28,51,24
1161,839,1,HARD,1,1,1
1161,839,2,MEDIUM,2,2,1
1161,839,3,HARD,3,51,49
1161,840,1,MEDIUM,1,37,37
1161,840,2,HARD,38,51,14
1161,842,1,HARD,1,35,35
1161,842,2,MEDIUM,36,50,15
1161,844,1,MEDIUM,1,19,19
1161,844,2,HARD,20,51,32
1161,846,1,MEDIUM,1,37,37
1161,846,2,HARD,38,51,14
1161,847,1,HARD,1,39,39
1161,847,2,MEDIUM,40,51,12
1161,848,1,MEDIUM,1,1,1
1161,848,2,MEDIUM,2,15,14
1161,848,3,HARD,16,51,36
1161,852,1,HARD,1,38,38
1161,852,2,MEDIUM,39,51,13
1161,857,1,MEDIUM,1,1,1
1161,859,1,MEDIUM,1,20,20
1161,859,2,HARD,21,51,31
1161,860,1,HARD,1,28,28
1161,860,2,MEDIUM,29,51,23
1161,861,1,MEDIUM,1,16,16
1161,861,2,HARD,17,50,34
1161,863,1,MEDIUM,1,18,18
1161,863,2,HARD,19,51,33
1161,866,1,HARD,1,26,26
1161,866,2,MEDIUM,27,51,25
1161,872,1,MEDIUM,1,29,29
1161,872,2,HARD,30,51,22
1162,1,1,MEDIUM,1,24,24
1162,1,2,HARD,25,46,22
1162,1,3,SOFT,47,62,16
1162,4,1,SOFT,1,27,27
1162,4,2,MEDIUM,28,62,35
1162,807,1,MEDIUM,1,25,25
1162,807,2,HARD,26,44,19
1162,807,3,SOFT,45,61,17
1162,830,1,SOFT,1,19,19
1162,830,2,HARD,20,62,43
1162,832,1,MEDIUM,1,50,50
1162,832,2,SOFT,51,61,11
1162,839,1,MEDIUM,1,30,30
1162,839,2,HARD,31,61,31
1162,840,1,SOFT,1,38,38
1162,840,2,MEDIUM,39,61,23
1162,842,1,MEDIUM,1,24,24
1162,842,2,HARD,25,51,27
1162,842,3,SOFT,52,61,10
1162,844,1,MEDIUM,1,21,21
1162,844,2,HARD,22,62,41
1162,846,1,MEDIUM,1,26,26
1162,846,2,HARD,27,62,36
1162,847,1,MEDIUM,1,25,25
1162,847,2,HARD,26,62,37
1162,848,1,MEDIUM,1,42,42
1162,848,2,SOFT,43,61,19
1162,852,1,SOFT,1,13,13
1162,852,2,HARD,14,61,48
1162,857,1,MEDIUM,1,27,27
1162,857,2,HARD,28,62,35
1162,859,1,MEDIUM,1,48,48
1162,859,2,SOFT,49,61,13
1162,860,1,MEDIUM,1,23,23
1162,860,2,HARD,24,62,39
1162,861,1,SOFT,1,14,14
1162,861,2,MEDIUM,15,61,47
1162,863,1,MEDIUM,1,25,25
1162,863,2,HARD,26,62,37
1162,866,1,MEDIUM,1,13,13
1162,866,2,HARD,14,61,48
1162,872,1,SOFT,1,20,20
1162,872,2,HARD,21,61,41
1163,1,1,MEDIUM,1,31,31
1163,1,2,SOFT,32,56,25
1163,4,1,MEDIUM,1,30,30
1163,4,2,SOFT,31,56,26
1163,807,1,MEDIUM,1,33,33
1163,807,2,SOFT,34,56,23
1163,830,1,MEDIUM,1,33,33
1163,830,2,SOFT,34,56,23
1163,832,1,MEDIUM,1,6,6
1163,839,1,HARD,1,24,24
1163,839,2,MEDIUM,25,56,32
1163,840,1,SOFT,1,28,28
1163,840,2,MEDIUM,29,56,28
1163,842,1,MEDIUM,1,27,27
1163,842,2,SOFT,28,55,28
1163,844,1,SOFT,1,22,22
1163,844,2,MEDIUM,23,56,34
1163,846,1,MEDIUM,1,32,32
1163,846,2,SOFT,33,56,24
1163,847,1,MEDIUM,1,33,33
1163,847,2,SOFT,34,56,23
1163,848,1,HARD,1,7,7
1163,848,2,MEDIUM,8,36,29
1163,848,3,SOFT,37,56,20
1163,852,1,MEDIUM,1,29,29
1163,852,2,SOFT,30,56,27
1163,857,1,MEDIUM,1,30,30
1163,857,2,SOFT,31,56,26
1163,859,1,MEDIUM,1,30,30
1163,859,2,SOFT,31,56,26
1163,860,1,MEDIUM,1,30,30
1163,860,2,SOFT,31,56,26
1163,861,1,MEDIUM,1,32,32
1163,861,2,SOFT,33,55,23
1163,863,1,MEDIUM,1,31,31
1163,863,2,SOFT,32,56,25
1163,866,1,SOFT,1,14,14
1163,866,2,MEDIUM,15,36,22
1163,866,3,SOFT,37,55,19
1163,872,1,HARD,1,28,28
1163,872,2,SOFT,29,56,28
1164,1,1,SOFT,1,23,23
1164,1,2,MEDIUM,24,47,24
1164,1,3,SOFT,48,71,24
1164,4,1,SOFT,1,20,20
1164,4,2,MEDIUM,21,34,14
1164,807,1,SOFT,1,25,25
1164,830,1,MEDIUM,1,37,37
1164,830,2,SOFT,38,71,34
1164,832,1,MEDIUM,1,17,17
1164,832,2,SOFT,18,46,29
1164,832,3,SOFT,47,56,10
1164,832,4,SOFT,57,68,12
1164,839,1,SOFT,1,27,27
1164,839,2,MEDIUM,28,71,44
1164,840,1,SOFT,1,26,26
1164,840,2,MEDIUM,27,43,17
1164,840,3,SOFT,44,70,27
1164,842,1,MEDIUM,1,33,33
1164,842,2,SOFT,34,70,37
1164,844,1,SOFT,1,31,31
1164,844,2,MEDIUM,32,71,40
1164,846,1,SOFT,1,34,34
1164,846,2,MEDIUM,35,71,37
1164,847,1,SOFT,1,25,25
1164,847,2,MEDIUM,26,48,23
1164,847,3,SOFT,49,71,23
1164,848,1,HARD,1,41,41
1164,848,2,SOFT,42,70,29
1164,852,1,MEDIUM,1,36,36
1164,852,2,SOFT,37,71,35
1164,857,1,SOFT,1,24,24
1164,857,2,MEDIUM,25,47,23
1164,857,3,SOFT,48,71,24
1164,859,1,SOFT,1,2,2
1164,859,2,HARD,3,5,3
1164,860,1,SOFT,1,24,24
1164,860,2,MEDIUM,25,48,24
1164,860,3,SOFT,49,71,23
1164,861,1,HARD,1,48,48
1164,861,2,SOFT,49,70,22
1164,863,1,SOFT,1,22,22
1164,863,2,MEDIUM,23,47,25
1164,863,3,SOFT,48,71,24
1164,866,1,MEDIUM,1,37,37
1164,866,2,SOFT,38,71,34
1164,872,1,MEDIUM,1,34,34
1164,872,2,SOFT,35,70,36
1165,1,1,SOFT,1,2,2
1165,1,2,HARD,3,14,12
1165,1,3,MEDIUM,15,32,18
1165,1,4,MEDIUM,33,37,5
1165,4,1,HARD,1,28,28
1165,4,2,MEDIUM,29,46,18
1165,4,3,MEDIUM,47,71,25
1165,807,1,MEDIUM,1,36,36
1165,807,2,SOFT,37,71,35
1165,830,1,HARD,1,7,7
1165,830,2,MEDIUM,8,34,27
1165,830,3,MEDIUM,35,54,20
1165,830,4,SOFT,55,71,17
1165,832,1,SOFT,1,17,17
1165,832,2,MEDIUM,18,38,21
1165,832,3,MEDIUM,39,71,33
1165,839,1,HARD,1,8,8
1165,839,2,MEDIUM,9,47,39
1165,839,3,MEDIUM,48,71,24
1165,840,1,HARD,1,29,29
1165,840,2,MEDIUM,30,54,25
1165,840,3,MEDIUM,55,71,17
1165,842,1,SOFT,1,18,18
1165,842,2,MEDIUM,19,39,21
1165,842,3,MEDIUM,40,71,32
1165,844,1,MEDIUM,1,6,6
1165,846,1,MEDIUM,1,30,30
1165,846,2,SOFT,31,50,20
1165,846,3,MEDIUM,51,71,21
1165,847,1,MEDIUM,1,34,34
1165,847,2,SOFT,35,48,14
1165,847,3,MEDIUM,49,71,23
1165,848,1,MEDIUM,1,35,35
1165,848,2,SOFT,36,55,20
1165,848,3,MEDIUM,56,71,16
1165,852,1,HARD,1,2,2
1165,852,2,MEDIUM,3,24,22
1165,852,3,MEDIUM,25,47,23
1165,852,4,MEDIUM,48,71,24
1165,857,1,MEDIUM,1,38,38
1165,857,2,SOFT,39,51,13
1165,857,3,MEDIUM,52,71,20
1165,859,1,SOFT,1,19,19
1165,859,2,MEDIUM,20,71,52
1165,860,1,SOFT,1,17,17
1165,860,2,MEDIUM,18,42,25
1165,860,3,MEDIUM,43,71,29
1165,861,1,MEDIUM,1,29,29
1165,861,2,SOFT,30,43,14
1165,861,3,MEDIUM,44,71,28
1165,863,1,SOFT,1,21,21
1165,863,2,MEDIUM,22,47,26
1165,863,3,MEDIUM,48,71,24
1165,866,1,SOFT,1,1,1
1165,872,1,SOFT,1,18,18
1165,872,2,MEDIUM,19,37,19
1165,872,3,MEDIUM,38,71,34
1166,1,1,HARD,1,29,29
1166,1,2,MEDIUM,30,50,21
1166,4,1,MEDIUM,1,16,16
1166,4,2,HARD,17,50,34
1166,807,1,HARD,1,30,30
1166,807,2,MEDIUM,31,50,20
1166,830,1,MEDIUM,1,25,25
1166,830,2,HARD,26,50,25
1166,832,1,MEDIUM,1,22,22
1166,832,2,HARD,23,50,28
1166,839,1,MEDIUM,1,27,27
1166,839,2,HARD,28,50,23
1166,840,1,MEDIUM,1,1,1
1166,842,1,MEDIUM,1,2,2
1166,842,2,HARD,3,50,48
1166,844,1,MEDIUM,1,24,24
1166,844,2,HARD,25,50,26
1166,846,1,MEDIUM,1,22,22
1166,846,2,HARD,23,50,28
1166,847,1,MEDIUM,1,17,17
1166,847,2,HARD,18,50,33
1166,848,1,HARD,1,13,13
1166,848,2,MEDIUM,14,14,1
1166,848,3,HARD,15,34,20
1166,848,4,MEDIUM,35,35,1
1166,852,1,MEDIUM,1,1,1
1166,852,2,HARD,2,27,26
1166,852,3,MEDIUM,28,50,23
1166,857,1,MEDIUM,1,21,21
1166,857,2,HARD,22,50,29
1166,859,1,MEDIUM,1,2,2
1166,859,2,HARD,3,28,26
1166,859,3,HARD,29,49,21
1166,860,1,MEDIUM,1,17,17
1166,860,2,HARD,18,50,33
1166,861,1,HARD,1,25,25
1166,861,2,MEDIUM,26,49,24
1166,863,1,SOFT,1,2,2
1166,863,2,HARD,3,50,48
1166,866,1,HARD,1,1,1
1166,866,2,MEDIUM,2,2,1
1166,872,1,MEDIUM,1,20,20
1166,872,2,HARD,21,50,30
1167,1,1,SOFT,1,7,7
1167,1,2,MEDIUM,8,32,25
1167,1,3,MEDIUM,33,57,25
1167,4,1,MEDIUM,1,7,7
1167,4,2,MEDIUM,8,32,25
1167,4,3,HARD,33,57,25
1167,807,1,SOFT,1,7,7
1167,830,1,MEDIUM,1,7,7
1167,830,2,MEDIUM,8,32,25
1167,830,3,HARD,33,57,25
1167,832,1,MEDIUM,1,7,7
1167,832,2,MEDIUM,8,32,25
1167,832,3,HARD,33,57,25
1167,839,1,MEDIUM,1,8,8
1167,839,2,HARD,9,9,1
1167,839,3,MEDIUM,10,34,25
1167,839,4,HARD,35,56,22
1167,840,1,MEDIUM,1,7,7
1167,840,2,MEDIUM,8,24,17
1167,840,3,MEDIUM,25,49,25
1167,840,4,SOFT,50,55,6
1167,842,1,MEDIUM,1,7,7
1167,842,2,HARD,8,32,25
1167,842,3,MEDIUM,33,56,24
1167,844,1,MEDIUM,1,7,7
1167,844,2,MEDIUM,8,32,25
1167,844,3,HARD,33,57,25
1167,846,1,MEDIUM,1,25,25
1167,846,2,MEDIUM,26,44,19
1167,846,3,HARD,45,57,13
1167,847,1,MEDIUM,1,7,7
1167,847,2,MEDIUM,8,32,25
1167,847,3,HARD,33,57,25
1167,848,1,HARD,1,7,7
1167,848,2,MEDIUM,8,32,25
1167,848,3,MEDIUM,33,57,25
1167,852,1,MEDIUM,1,7,7
1167,852,2,MEDIUM,8,32,25
1167,852,3,HARD,33,57,25
1167,857,1,MEDIUM,1,24,24
1167,857,2,MEDIUM,25,42,18
1167,857,3,HARD,43,57,15
1167,859,1,MEDIUM,1,7,7
1167,859,2,MEDIUM,8,32,25
1167,859,3,HARD,33,57,25
1167,860,1,MEDIUM,1,7,7
1167,860,2,MEDIUM,8,32,25
1167,860,3,HARD,33,40,8
1167,860,4,HARD,41,41,1
1167,861,1,HARD,1,7,7
1167,861,2,MEDIUM,8,32,25
1167,861,3,MEDIUM,33,56,24
1167,863,1,MEDIUM,1,7,7
1167,863,2,MEDIUM,8,32,25
1167,863,3,HARD,33,57,25
1167,866,1,MEDIUM,1,7,7
1167,866,2,MEDIUM,8,32,25
1167,866,3,SOFT,33,57,25
1167,872,1,MEDIUM,1,7,7
1167,872,2,MEDIUM,8,32,25
1167,872,3,HARD,33,55,23
1168,1,1,SOFT,1,8,8
1168,1,2,HARD,9,31,23
1168,1,3,MEDIUM,32,58,27
1168,4,1,MEDIUM,1,16,16
1168,4,2,HARD,17,58,42
1168,807,1,SOFT,1,7,7
1168,807,2,HARD,8,42,35
1168,807,3,MEDIUM,43,58,16
1168,830,1,MEDIUM,1,23,23
1168,830,2,HARD,24,58,35
1168,832,1,MEDIUM,1,18,18
1168,832,2,HARD,19,58,40
1168,839,1,MEDIUM,1,19,19
1168,839,2,HARD,20,58,39
1168,840,1,HARD,1,42,42
1168,840,2,MEDIUM,43,58,16
1168,842,1,MEDIUM,1,13,13
1168,842,2,HARD,14,40,27
1168,842,3,MEDIUM,41,57,17
1168,844,1,MEDIUM,1,16,16
1168,844,2,HARD,17,39,23
1168,844,3,MEDIUM,40,58,19
1168,846,1,MEDIUM,1,16,16
1168,846,2,HARD,17,40,24
1168,846,3,HARD,41,58,18
1168,847,1,MEDIUM,1,14,14
1168,847,2,HARD,15,58,44
1168,848,1,SOFT,1,8,8
1168,848,2,HARD,9,33,25
1168,848,3,MEDIUM,34,58,25
1168,852,1,HARD,1,32,32
1168,852,2,MEDIUM,33,58,26
1168,857,1,HARD,1,41,41
1168,857,2,MEDIUM,42,58,17
1168,859,1,MEDIUM,1,21,21
1168,859,2,HARD,22,57,36
1168,860,1,MEDIUM,1,14,14
1168,860,2,HARD,15,58,44
1168,861,1,MEDIUM,1,15,15
1168,861,2,HARD,16,40,25
1168,861,3,MEDIUM,41,57,17
1168,863,1,HARD,1,32,32
1168,863,2,MEDIUM,33,58,26
1168,866,1,MEDIUM,1,15,15
1168,866,2,HARD,16,58,43
1168,872,1,MEDIUM,1,14,14
1168,872,2,HARD,15,57,43
1169,1,1,MEDIUM,1,28,28
1169,1,2,HARD,29,58,30
1169,4,1,SOFT,1,11,11
1169,4,2,SOFT,12,13,2
1169,4,3,SOFT,14,22,9
1169,815,1,MEDIUM,1,18,18
1169,815,2,HARD,19,43,25
1169,815,3,SOFT,44,55,12
1169,822,1,HARD,1,12,12
1169,822,2,HARD,13,16,4
1169,830,1,HARD,1,18,18
1169,830,2,MEDIUM,19,41,23
1169,830,3,HARD,42,58,17
1169,832,1,SOFT,1,11,11
1169,832,2,HARD,12,33,22
1169,832,3,MEDIUM,34,45,12
1169,832,4,SOFT,46,56,11
1169,839,1,MEDIUM,1,11,11
1169,839,2,HARD,12,57,46
1169,840,1,MEDIUM,1,11,11
1169,840,2,HARD,12,26,15
1169,840,3,SOFT,27,34,8
1169,840,4,SOFT,35,39,5
1169,840,5,SOFT,40,43,4
1169,842,1,MEDIUM,1,11,11
1169,842,2,HARD,12,57,46
1169,844,1,MEDIUM,1,25,25
1169,844,2,HARD,26,58,33
1169,846,1,MEDIUM,1,11,11
1169,846,2,HARD,12,34,23
1169,846,3,MEDIUM,35,58,24
1169,847,1,MEDIUM,1,12,12
1169,847,2,HARD,13,58,46
1169,848,1,MEDIUM,1,12,12
1169,848,2,HARD,13,33,21
1169,848,3,SOFT,34,57,24
1169,859,1,MEDIUM,1,11,11
1169,859,2,HARD,12,33,22
1169,859,3,SOFT,34,57,24
1169,860,1,MEDIUM,1,18,18
1169,860,2,HARD,19,57,39
1169,861,1,HARD,1,9,9
1169,861,2,HARD,10,46,37
1169,861,3,SOFT,47,56,10
1169,863,1,MEDIUM,1,12,12
1169,863,2,HARD,13,58,46
1169,866,1,MEDIUM,1,18,18
1169,866,2,HARD,19,33,15
1169,866,3,HARD,34,57,24
1169,872,1,MEDIUM,1,11,11
1169,876,1,MEDIUM,1,18,18
1169,876,2,HARD,19,57,39
1170,1,1,MEDIUM,1,10,10
1170,1,2,HARD,11,56,46
1170,4,1,HARD,1,31,31
1170,4,2,MEDIUM,32,32,1
1170,807,1,HARD,1,35,35
1170,807,2,MEDIUM,36,55,20
1170,815,1,MEDIUM,1,11,11
1170,815,2,HARD,12,55,44
1170,822,1,MEDIUM,1,10,10
1170,822,2,HARD,11,55,45
1170,830,1,SOFT,1,9,9
1170,830,2,HARD,10,45,36
1170,832,1,MEDIUM,1,9,9
1170,832,2,HARD,10,55,46
1170,839,1,HARD,1,29,29
1170,839,2,MEDIUM,30,46,17
1170,839,3,SOFT,47,55,9
1170,840,1,HARD,1,10,10
1170,842,1,MEDIUM,1,10,10
1170,842,2,HARD,11,56,46
1170,844,1,MEDIUM,1,10,10
1170,844,2,HARD,11,56,46
1170,847,1,MEDIUM,1,10,10
1170,847,2,HARD,11,56,46
1170,859,1,MEDIUM,1,9,9
1170,859,2,HARD,10,56,47
1170,860,1,MEDIUM,1,10,10
1170,860,2,HARD,11,56,46
1170,861,1,HARD,1,32,32
1170,861,2,MEDIUM,33,55,23
1170,863,1,MEDIUM,1,10,10
1170,863,2,HARD,11,56,46
1170,872,1,SOFT,1,1,1
1170,872,2,HARD,2,10,9
1170,872,3,HARD,11,56,46
1170,876,1,HARD,1,42,42
1170,876,2,MEDIUM,43,55,13
1171,1,1,MEDIUM,1,22,22
1171,1,2,HARD,23,53,31
1171,4,1,MEDIUM,1,21,21
1171,4,2,HARD,22,23,2
1171,4,3,MEDIUM,24,52,29
1171,807,1,MEDIUM,1,23,23
1171,807,2,HARD,24,53,30
1171,815,1,MEDIUM,1,21,21
1171,815,2,HARD,22,53,32
1171,822,1,HARD,1,19,19
1171,822,2,MEDIUM,20,52,33
1171,830,1,MEDIUM,1,22,22
1171,830,2,HARD,23,53,31
1171,832,1,MEDIUM,1,22,22
1171,832,2,HARD,23,53,31
1171,839,1,MEDIUM,1,19,19
1171,839,2,HARD,20,53,34
1171,840,1,MEDIUM,1,21,21
1171,840,2,HARD,22,24,3
1171,840,3,MEDIUM,25,30,6
1171,842,1,MEDIUM,1,22,22
1171,842,2,HARD,23,53,31
1171,844,1,MEDIUM,1,17,17
1171,844,2,HARD,18,53,36
1171,846,1,MEDIUM,1,16,16
1171,846,2,HARD,17,53,37
1171,847,1,MEDIUM,1,21,21
1171,847,2,HARD,22,53,32
1171,848,1,MEDIUM,1,22,22
1171,848,2,HARD,23,45,23
1171,848,3,SOFT,46,46,1
1171,848,4,SOFT,47,47,1
1171,848,5,SOFT,48,48,1
1171,848,6,SOFT,49,49,1
1171,848,7,MEDIUM,50,51,2
1171,857,1,MEDIUM,1,18,18
1171,857,2,HARD,19,53,35
1171,859,1,MEDIUM,1,22,22
1171,859,2,HARD,23,53,31
1171,860,1,MEDIUM,1,16,16
1171,860,2,HARD,17,21,5
1171,861,1,MEDIUM,1,17,17
1171,861,2,HARD,18,53,36
1171,863,1,MEDIUM,1,22,22
1171,863,2,HARD,23,53,31
1171,866,1,MEDIUM,1,22,22
1171,866,2,HARD,23,53,31
1171,872,1,MEDIUM,1,19,19
1171,872,2,HARD,20,53,34
1171,876,1,MEDIUM,1,18,18
1171,876,2,HARD,19,53,35
1172,1,1,MEDIUM,1,27,27
1172,1,2,HARD,28,57,30
1172,4,1,MEDIUM,1,41,41
1172,4,2,SOFT,42,56,15
1172,807,1,MEDIUM,1,1,1
1172,807,2,MEDIUM,2,7,6
1172,815,1,MEDIUM,1,29,29
1172,815,2,HARD,30,56,27
1172,822,1,MEDIUM,1,6,6
1172,822,2,SOFT,7,21,15
1172,822,3,MEDIUM,22,30,9
1172,822,4,MEDIUM,31,55,25
1172,830,1,MEDIUM,1,6,6
1172,830,2,HARD,7,57,51
1172,832,1,MEDIUM,1,28,28
1172,832,2,HARD,29,57,29
1172,839,1,MEDIUM,1,31,31
1172,839,2,HARD,32,56,25
1172,840,1,MEDIUM,1,21,21
1172,840,2,SOFT,22,37,16
1172,840,3,SOFT,38,56,19
1172,842,1,MEDIUM,1,5,5
1172,844,1,MEDIUM,1,21,21
1172,844,2,HARD,22,57,36
1172,846,1,MEDIUM,1,27,27
1172,846,2,HARD,28,57,30
1172,847,1,MEDIUM,1,20,20
1172,847,2,HARD,21,57,37
1172,848,1,MEDIUM,1,27,27
1172,848,2,HARD,28,57,30
1172,857,1,MEDIUM,1,28,28
1172,857,2,HARD,29,57,29
1172,859,1,MEDIUM,1,6,6
1172,860,1,MEDIUM,1,26,26
1172,860,2,HARD,27,56,30
1172,861,1,MEDIUM,1,31,31
1172,861,2,HARD,32,57,26
1172,863,1,MEDIUM,1,26,26
1172,863,2,HARD,27,57,31
1172,866,1,MEDIUM,1,32,32
1172,866,2,HARD,33,56,24
1172,872,1,HARD,1,5,5
1172,876,1,MEDIUM,1,28,28
1172,876,2,HARD,29,56,28
1173,1,1,SOFT,1,31,31
1173,1,2,MEDIUM,32,68,37
1173,4,1,SOFT,1,20,20
1173,4,2,SOFT,21,24,4
1173,807,1,INTERMEDIATE,1,2,2
1173,807,2,SOFT,3,20,18
1173,807,3,MEDIUM,21,66,46
1173,815,1,INTERMEDIATE,1,2,2
1173,815,2,SOFT,3,15,13
1173,815,3,MEDIUM,16,29,14
1173,815,4,SOFT,30,40,11
1173,822,1,INTERMEDIATE,1,3,3
1173,822,2,SOFT,4,9,6
1173,822,3,MEDIUM,10,29,20
1173,822,4,SOFT,30,49,20
1173,822,5,MEDIUM,50,64,15
1173,830,1,SOFT,1,31,31
1173,830,2,MEDIUM,32,68,37
1173,832,1,INTERMEDIATE,1,2,2
1173,832,2,MEDIUM,3,30,28
1173,832,3,MEDIUM,31,67,37
1173,839,1,SOFT,1,16,16
1173,839,2,MEDIUM,17,30,14
1173,839,3,SOFT,31,66,36
1173,840,1,SOFT,1,14,14
1173,840,2,SOFT,15,49,35
1173,840,3,MEDIUM,50,64,15
1173,842,1,MEDIUM,1,30,30
1173,842,2,HARD,31,67,37
1173,844,1,SOFT,1,31,31
1173,844,2,MEDIUM,32,68,37
1173,846,1,INTERMEDIATE,1,2,2
1173,846,2,MEDIUM,3,15,13
1173,846,3,MEDIUM,16,39,24
1173,847,1,SOFT,1,30,30
1173,848,1,SOFT,1,12,12
1173,857,1,INTERMEDIATE,1,1,1
1173,857,2,MEDIUM,2,12,11
1173,857,3,MEDIUM,13,51,39
1173,857,4,SOFT,52,66,15
1173,859,1,MEDIUM,1,30,30
1173,859,2,SOFT,31,67,37
1173,860,1,SOFT,1,30,30
1173,860,2,MEDIUM,31,67,37
1173,861,1,MEDIUM,1,30,30
1173,861,2,HARD,31,67,37
1173,863,1,SOFT,1,31,31
1173,863,2,MEDIUM,32,68,37
1173,866,1,INTERMEDIATE,1,2,2
1173,866,2,SOFT,3,18,16
1173,866,3,MEDIUM,19,66,48
1173,872,1,SOFT,1,31,31
1173,872,2,MEDIUM,32,52,21
1173,872,3,SOFT,53,62,10
1173,872,4,SOFT,63,67,5
1174,1,1,MEDIUM,1,28,28
1174,1,2,HARD,29,60,32
1174,1,3,SOFT,61,61,1
1174,1,4,SOFT,62,66,5
1174,1,5,SOFT,67,68,2
1174,1,6,SOFT,69,78,10
1174,4,1,MEDIUM,1,3,3
1174,4,2,SOFT,4,58,55
1174,4,3,SOFT,59,59,1
1174,4,4,SOFT,60,65,6
1174,4,5,SOFT,66,67,2
1174,4,6,SOFT,68,68,1
1174,4,7,SOFT,69,78,10
1174,807,1,MEDIUM,1,12,12
1174,807,2,HARD,13,58,46
1174,807,3,HARD,59,59,1
1174,807,4,HARD,60,65,6
1174,807,5,HARD,66,67,2
1174,807,6,SOFT,68,68,1
1174,807,7,SOFT,69,78,10
1174,815,1,SOFT,1,4,4
1174,815,2,MEDIUM,5,9,5
1174,815,3,MEDIUM,10,59,50
1174,815,4,SOFT,60,65,6
1174,815,5,SOFT,66,67,2
1174,815,6,SOFT,68,68,1
1174,815,7,SOFT,69,78,10
1174,822,1,SOFT,1,1,1
1174,822,2,MEDIUM,2,16,15
1174,830,1,MEDIUM,1,1,1
1174,832,1,MEDIUM,1,52,52
1174,832,2,SOFT,53,59,7
1174,832,3,SOFT,60,65,6
1174,832,4,SOFT,66,67,2
1174,832,5,SOFT,68,68,1
1174,832,6,SOFT,69,71,3
1174,839,1,MEDIUM,1,9,9
1174,839,2,HARD,10,59,50
1174,839,3,HARD,60,65,6
1174,839,4,HARD,66,67,2
1174,839,5,SOFT,68,68,1
1174,839,6,SOFT,69,78,10
1174,840,1,MEDIUM,1,4,4
1174,840,2,SOFT,5,57,53
1174,842,1,MEDIUM,1,45,45
1174,842,2,HARD,46,60,15
1174,842,3,HARD,61,66,6
1174,842,4,HARD,67,68,2
1174,842,5,SOFT,69,78,10
1174,844,1,MEDIUM,1,35,35
1174,844,2,HARD,36,60,25
1174,844,3,SOFT,61,61,1
1174,844,4,SOFT,62,65,4
1174,846,1,MEDIUM,1,44,44
1174,847,1,MEDIUM,1,31,31
1174,847,2,HARD,32,60,29
1174,847,3,SOFT,61,66,6
1174,847,4,SOFT,67,68,2
1174,847,5,SOFT,69,72,4
1174,847,6,SOFT,73,78,6
1174,848,1,MEDIUM,1,43,43
1174,848,2,SOFT,44,59,16
1174,848,3,SOFT,60,65,6
1174,848,4,SOFT,66,67,2
1174,848,5,SOFT,68,68,1
1174,848,6,SOFT,69,78,10
1174,857,1,MEDIUM,1,48,48
1174,857,2,HARD,49,59,11
1174,857,3,SOFT,60,60,1
1174,857,4,SOFT,61,66,6
1174,857,5,SOFT,67,68,2
1174,857,6,SOFT,69,78,10
1174,859,1,MEDIUM,1,44,44
1174,859,2,SOFT,45,60,16
1174,859,3,SOFT,61,66,6
1174,859,4,SOFT,67,68,2
1174,859,5,SOFT,69,78,10
1174,860,1,MEDIUM,1,1,1
1174,860,2,HARD,2,28,27
1174,861,1,MEDIUM,1,35,35
1174,861,2,HARD,36,59,24
1174,861,3,HARD,60,65,6
1174,861,4,HARD,66,67,2
1174,861,5,SOFT,68,68,1
1174,861,6,SOFT,69,78,10
1174,863,1,MEDIUM,1,37,37
1174,863,2,HARD,38,61,24
1174,863,3,SOFT,62,66,5
1174,863,4,SOFT,67,68,2
1174,863,5,SOFT,69,78,10
1174,866,1,SOFT,1,1,1
1174,866,2,HARD,2,43,42
1174,866,3,MEDIUM,44,58,15
1174,866,4,MEDIUM,59,59,1
1174,866,5,SOFT,60,65,6
1174,866,6,SOFT,66,67,2
1174,866,7,SOFT,68,68,1
1174,866,8,SOFT,69,78,10
1174,872,1,MEDIUM,1,32,32
1174,872,2,HARD,33,60,28
1174,872,3,HARD,61,66,6
1174,872,4,HARD,67,68,2
1174,872,5,SOFT,69,78,10
1174,876,1,MEDIUM,1,59,59
1174,876,2,MEDIUM,60,65,6
1174,876,3,MEDIUM,66,67,2
1174,876,4,SOFT,68,68,1
1174,876,5,SOFT,69,78,10
1175,1,1,SOFT,1,11,11
1175,1,2,HARD,12,27,16
1175,1,3,MEDIUM,28,41,14
1175,1,4,HARD,42,66,25
1175,4,1,HARD,1,21,21
1175,4,2,HARD,22,38,17
1175,807,1,SOFT,1,13,13
1175,807,2,HARD,14,29,16
1175,815,1,SOFT,1,12,12
1175,815,2,HARD,13,31,19
1175,815,3,HARD,32,39,8
1175,815,4,MEDIUM,40,63,24
1175,822,1,MEDIUM,1,14,14
1175,822,2,HARD,15,15,1
1175,830,1,SOFT,1,12,12
1175,830,2,MEDIUM,13,29,17
1175,830,3,HARD,30,40,11
1175,830,4,MEDIUM,41,66,26
1175,832,1,SOFT,1,14,14
1175,832,2,HARD,15,30,16
1175,832,3,HARD,31,55,25
1175,832,4,MEDIUM,56,64,9
1175,839,1,SOFT,1,13,13
1175,839,2,HARD,14,34,21
1175,839,3,MEDIUM,35,58,24
1175,839,4,SOFT,59,64,6
1175,840,1,HARD,1,5,5
1175,842,1,MEDIUM,1,14,14
1175,842,2,HARD,15,40,26
1175,842,3,HARD,41,65,25
1175,844,1,MEDIUM,1,16,16
1175,844,2,HARD,17,39,23
1175,844,3,HARD,40,62,23
1175,846,1,MEDIUM,1,13,13
1175,846,2,HARD,14,35,22
1175,846,3,HARD,36,66,31
1175,847,1,MEDIUM,1,12,12
1175,847,2,HARD,13,36,24
1175,847,3,HARD,37,66,30
1175,848,1,MEDIUM,1,13,13
1175,848,2,HARD,14,29,16
1175,848,3,HARD,30,34,5
1175,848,4,SOFT,35,50,16
1175,848,5,SOFT,51,55,5
1175,857,1,MEDIUM,1,14,14
1175,857,2,HARD,15,36,22
1175,857,3,HARD,37,66,30
1175,859,1,MEDIUM,1,11,11
1175,859,2,HARD,12,35,24
1175,859,3,HARD,36,65,30
1175,860,1,MEDIUM,1,18,18
1175,860,2,HARD,19,39,21
1175,860,3,SOFT,40,60,21
1175,861,1,SOFT,1,12,12
1175,861,2,HARD,13,34,22
1175,861,3,HARD,35,65,31
1175,863,1,MEDIUM,1,14,14
1175,863,2,HARD,15,37,23
1175,863,3,HARD,38,62,25
1175,866,1,MEDIUM,1,15,15
1175,866,2,HARD,16,33,18
1175,866,3,HARD,34,53,20
1175,866,4,SOFT,54,64,11
1175,872,1,MEDIUM,1,15,15
1175,872,2,HARD,16,32,17
1175,872,3,HARD,33,58,26
1175,872,4,SOFT,59,65,7
1175,876,1,MEDIUM,1,22,22
1175,876,2,HARD,23,37,15
1175,876,3,HARD,38,65,28
1176,1,1,MEDIUM,1,12,12
1176,1,2,HARD,13,25,13
1176,1,3,SOFT,26,42,17
1176,1,4,HARD,43,71,29
1176,4,1,MEDIUM,1,24,24
1176,4,2,SOFT,25,49,25
1176,4,3,SOFT,50,68,19
1176,807,1,MEDIUM,1,21,21
1176,807,2,MEDIUM,22,45,24
1176,807,3,HARD,46,70,25
1176,815,1,MEDIUM,1,4,4
1176,822,1,MEDIUM,1,2,2
1176,830,1,MEDIUM,1,18,18
1176,830,2,HARD,19,49,31
1176,830,3,HARD,50,71,22
1176,832,1,SOFT,1,14,14
1176,832,2,MEDIUM,15,24,10
1176,839,1,MEDIUM,1,18,18
1176,839,2,MEDIUM,19,33,15
1176,839,3,HARD,34,69,36
1176,840,1,MEDIUM,1,24,24
1176,840,2,SOFT,25,45,21
1176,842,1,MEDIUM,1,13,13
1176,842,2,HARD,14,38,25
1176,842,3,MEDIUM,39,51,13
1176,842,4,SOFT,52,70,19
1176,844,1,MEDIUM,1,13,13
1176,844,2,HARD,14,37,24
1176,844,3,HARD,38,59,22
1176,844,4,SOFT,60,71,12
1176,846,1,MEDIUM,1,21,21
1176,846,2,HARD,22,47,26
1176,846,3,HARD,48,71,24
1176,847,1,MEDIUM,1,19,19
1176,847,2,HARD,20,43,24
1176,847,3,HARD,44,71,28
1176,848,1,MEDIUM,1,18,18
1176,848,2,MEDIUM,19,37,19
1176,848,3,HARD,38,69,32
1176,857,1,MEDIUM,1,19,19
1176,857,2,HARD,20,42,23
1176,857,3,HARD,43,71,29
1176,859,1,MEDIUM,1,19,19
1176,859,2,HARD,20,45,26
1176,859,3,MEDIUM,46,70,25
1176,860,1,MEDIUM,1,24,24
1176,860,2,HARD,25,45,21
1176,860,3,MEDIUM,46,70,25
1176,861,1,MEDIUM,1,20,20
1176,861,2,HARD,21,46,26
1176,861,3,MEDIUM,47,70,24
1176,863,1,MEDIUM,1,24,24
1176,863,2,HARD,25,51,27
1176,863,3,HARD,52,71,20
1176,866,1,SOFT,1,17,17
1176,866,2,MEDIUM,18,44,27
1176,866,3,HARD,45,70,26
1176,872,1,MEDIUM,1,18,18
1176,872,2,MEDIUM,19,40,22
1176,872,3,HARD,41,71,31
1176,876,1,MEDIUM,1,18,18
1176,876,2,HARD,19,46,28
1176,876,3,MEDIUM,47,70,24
1177,1,1,MEDIUM,1,23,23
1177,1,2,HARD,24,48,25
1177,1,3,SOFT,49,52,4
1177,4,1,MEDIUM,1,20,20
1177,4,2,HARD,21,46,26
1177,4,3,SOFT,47,51,5
1177,807,1,MEDIUM,1,17,17
1177,807,2,HARD,18,34,17
1177,807,3,SOFT,35,37,3
1177,815,1,MEDIUM,1,21,21
1177,815,2,HARD,22,46,25
1177,815,3,SOFT,47,52,6
1177,822,1,MEDIUM,1,29,29
1177,822,2,HARD,30,46,17
1177,822,3,SOFT,47,52,6
1177,830,1,MEDIUM,1,17,17
1177,830,2,HARD,18,38,21
1177,830,3,MEDIUM,39,47,9
1177,832,1,MEDIUM,1,20,20
1177,832,2,HARD,21,48,28
1177,832,3,SOFT,49,52,4
1177,839,1,MEDIUM,1,21,21
1177,839,2,HARD,22,47,26
1177,839,3,SOFT,48,52,5
1177,840,1,MEDIUM,1,18,18
1177,840,2,HARD,19,46,28
1177,840,3,SOFT,47,51,5
1177,842,1,MEDIUM,1,23,23
1177,842,2,HARD,24,48,25
1177,842,3,SOFT,49,52,4
1177,844,1,MEDIUM,1,25,25
1177,844,2,HARD,26,48,23
1177,844,3,SOFT,49,52,4
1177,846,1,MEDIUM,1,28,28
1177,846,2,HARD,29,38,10
1177,846,3,MEDIUM,39,48,10
1177,846,4,SOFT,49,52,4
1177,847,1,MEDIUM,1,23,23
1177,847,2,HARD,24,34,11
1177,847,3,MEDIUM,35,52,18
1177,848,1,MEDIUM,1,1,1
1177,848,2,HARD,2,14,13
1177,848,3,MEDIUM,15,23,9
1177,848,4,SOFT,24,35,12
1177,848,5,SOFT,36,40,5
1177,848,6,SOFT,41,43,3
1177,857,1,MEDIUM,1,2,2
1177,857,2,HARD,3,36,34
1177,857,3,MEDIUM,37,47,11
1177,857,4,SOFT,48,52,5
1177,859,1,MEDIUM,1,28,28
1177,859,2,HARD,29,47,19
1177,859,3,SOFT,48,52,5
1177,860,1,MEDIUM,1,29,29
1177,860,2,HARD,30,47,18
1177,860,3,SOFT,48,52,5
1177,861,1,MEDIUM,1,22,22
1177,861,2,HARD,23,47,25
1177,861,3,SOFT,48,52,5
1177,863,1,MEDIUM,1,35,35
1177,863,2,HARD,36,41,6
1177,863,3,MEDIUM,42,43,2
1177,863,4,MEDIUM,44,52,9
1177,866,1,MEDIUM,1,26,26
1177,866,2,HARD,27,47,21
1177,866,3,SOFT,48,52,5
1177,872,1,MEDIUM,1,19,19
1177,872,2,HARD,20,38,19
1177,872,3,MEDIUM,39,47,9
1177,872,4,SOFT,48,52,5
1177,876,1,MEDIUM,1,27,27
1177,876,2,HARD,28,47,20
1177,876,3,SOFT,48,52,5
1178,1,1,MEDIUM,1,20,20
1178,1,2,HARD,21,44,24
1178,4,1,HARD,1,19,19
1178,4,2,SOFT,20,31,12
1178,4,3,HARD,32,42,11
1178,807,1,MEDIUM,1,20,20
1178,807,2,HARD,21,44,24
1178,815,1,HARD,1,1,1
1178,815,2,SOFT,2,12,11
1178,815,3,HARD,13,13,1
1178,822,1,SOFT,1,1,1
1178,822,2,HARD,2,32,31
1178,822,3,SOFT,33,43,11
1178,830,1,MEDIUM,1,17,17
1178,830,2,HARD,18,44,27
1178,832,1,SOFT,1,14,14
1178,832,2,HARD,15,44,30
1178,839,1,MEDIUM,1,1,1
1178,839,2,HARD,2,16,15
1178,839,3,HARD,17,44,28
1178,840,1,HARD,1,17,17
1178,840,2,SOFT,18,25,8
1178,842,1,MEDIUM,1,14,14
1178,842,2,HARD,15,44,30
1178,844,1,MEDIUM,1,20,20
1178,844,2,HARD,21,44,24
1178,846,1,HARD,1,30,30
1178,846,2,MEDIUM,31,44,14
1178,847,1,MEDIUM,1,1,1
1178,848,1,MEDIUM,1,18,18
1178,848,2,HARD,19,44,26
1178,857,1,MEDIUM,1,20,20
1178,857,2,HARD,21,44,24
1178,859,1,MEDIUM,1,15,15
1178,859,2,HARD,16,44,29
1178,860,1,MEDIUM,1,1,1
1178,860,2,HARD,2,20,19
1178,860,3,HARD,21,44,24
1178,861,1,MEDIUM,1,15,15
1178,861,2,HARD,16,44,29
1178,863,1,MEDIUM,1,18,18
1178,863,2,SOFT,19,44,26
1178,866,1,MEDIUM,1,20,20
1178,866,2,HARD,21,44,24
1178,872,1,HARD,1,1,1
1178,872,2,MEDIUM,2,2,1
1178,872,3,HARD,3,20,18
1178,872,4,HARD,21,44,24
1178,876,1,MEDIUM,1,16,16
1178,876,2,HARD,17,44,28
1179,1,1,SOFT,1,13,13
1179,1,2,HARD,14,30,17
1179,1,3,HARD,31,56,26
1179,1,4,SOFT,57,70,14
1179,4,1,SOFT,1,34,34
1179,4,2,MEDIUM,35,55,21
1179,4,3,SOFT,56,69,14
1179,807,1,MEDIUM,1,19,19
1179,807,2,HARD,20,39,20
1179,807,3,SOFT,40,69,30
1179,815,1,MEDIUM,1,21,21
1179,815,2,\N,22,46,25
1179,815,3,SOFT,47,48,2
1179,822,1,MEDIUM,1,14,14
1179,830,1,MEDIUM,1,14,14
1179,830,2,HARD,15,41,27
1179,830,3,SOFT,42,70,29
1179,832,1,SOFT,1,18,18
1179,832,2,MEDIUM,19,43,25
1179,832,3,SOFT,44,54,11
1179,832,4,SOFT,55,68,14
1179,839,1,MEDIUM,1,17,17
1179,839,2,HARD,18,35,18
1179,839,3,HARD,36,68,33
1179,840,1,SOFT,1,8,8
1179,840,2,MEDIUM,9,37,29
1179,840,3,SOFT,38,69,32
1179,842,1,MEDIUM,1,16,16
1179,842,2,HARD,17,39,23
1179,842,3,HARD,40,55,16
1179,842,4,SOFT,56,69,14
1179,844,1,SOFT,1,16,16
1179,844,2,HARD,17,36,20
1179,844,3,HARD,37,56,20
1179,844,4,SOFT,57,70,14
1179,846,1,MEDIUM,1,17,17
1179,846,2,HARD,18,39,22
1179,846,3,HARD,40,56,17
1179,846,4,SOFT,57,70,14
1179,847,1,MEDIUM,1,27,27
1179,847,2,HARD,28,54,27
1179,847,3,HARD,55,70,16
1179,848,1,MEDIUM,1,26,26
1179,848,2,HARD,27,54,28
1179,848,3,SOFT,55,68,14
1179,857,1,MEDIUM,1,16,16
1179,857,2,HARD,17,33,17
1179,857,3,HARD,34,56,23
1179,859,1,MEDIUM,1,21,21
1179,859,2,HARD,22,42,21
1179,859,3,SOFT,43,69,27
1179,860,1,MEDIUM,1,22,22
1179,860,2,HARD,23,42,20
1179,860,3,HARD,43,68,26
1179,861,1,MEDIUM,1,15,15
1179,861,2,HARD,16,37,22
1179,861,3,HARD,38,68,31
1179,863,1,MEDIUM,1,22,22
1179,863,2,HARD,23,53,31
1179,863,3,HARD,54,70,17
1179,866,1,SOFT,1,29,29
1179,866,2,HARD,30,69,40
1179,872,1,MEDIUM,1,19,19
1179,872,2,HARD,20,42,23
1179,872,3,HARD,43,70,28
1179,876,1,MEDIUM,1,20,20
1179,876,2,HARD,21,69,49
